{"cloud_draft_cover":true,"cloud_draft_sync":true,"cloud_package_completed_time":"","draft_cloud_capcut_purchase_info":"","draft_cloud_last_action_download":false,"draft_cloud_package_type":"","draft_cloud_purchase_info":"","draft_cloud_template_id":"","draft_cloud_tutorial_info":"","draft_cloud_videocut_purchase_info":"","draft_cover":"draft_cover.jpg","draft_deeplink_url":"","draft_enterprise_info":{"draft_enterprise_extra":"","draft_enterprise_id":"","draft_enterprise_name":"","enterprise_material":[]},"draft_fold_path":"C:/Users/User/Downloads/CapCut Drafts/0808","draft_id":"9723E0A2-B7BB-426b-8192-54A8D2D194EB","draft_is_ae_produce":false,"draft_is_ai_packaging_used":false,"draft_is_ai_shorts":false,"draft_is_ai_translate":false,"draft_is_article_video_draft":false,"draft_is_cloud_temp_draft":false,"draft_is_from_deeplink":"false","draft_is_invisible":false,"draft_is_web_article_video":false,"draft_materials":[{"type":0,"value":[{"ai_group_type":"","create_time":1754592658,"duration":9409000,"extra_info":"Man walking on road side view   Video for kinemaster video editing.mp4","file_Path":"C:/Users/User/Downloads/Man walking on road side view   Video for kinemaster video editing.mp4","height":360,"id":"b176ace9-b2cd-4967-89e0-dfca67e661c9","import_time":1754594433,"import_time_ms":1754594431200995,"item_source":1,"md5":"","metetype":"video","roughcut_time_range":{"duration":9409000,"start":0},"sub_time_range":{"duration":-1,"start":-1},"type":0,"width":640},{"ai_group_type":"","create_time":1754593774,"duration":9433000,"extra_info":"0808.mp4","file_Path":"C:/Users/User/AppData/Local/CapCut/Videos/0808.mp4","height":1080,"id":"562ecaf6-c2ec-4621-b7f0-ef9ef72f07ba","import_time":1754594629,"import_time_ms":1754594626579505,"item_source":1,"md5":"","metetype":"video","roughcut_time_range":{"duration":9433000,"start":0},"sub_time_range":{"duration":-1,"start":-1},"type":0,"width":1920},{"ai_group_type":"","create_time":1754617442,"duration":90440000,"extra_info":"Paris_ The last drone aerials.mp4","file_Path":"C:/Users/User/Downloads/Paris_ The last drone aerials.mp4","height":340,"id":"adc7d72a-b04e-480e-ac49-7bb2e0b45f2e","import_time":1754617463,"import_time_ms":1754617462828597,"item_source":1,"md5":"","metetype":"video","roughcut_time_range":{"duration":90440000,"start":0},"sub_time_range":{"duration":-1,"start":-1},"type":0,"width":640},{"ai_group_type":"","create_time":1755198662,"duration":33333,"extra_info":"","file_Path":"","height":0,"id":"cd484075-d92a-4bc9-b45c-d093d2f9e71b","import_time":1755198662,"import_time_ms":1755198662228438,"item_source":1,"md5":"","metetype":"none","roughcut_time_range":{"duration":33333,"start":0},"sub_time_range":{"duration":-1,"start":-1},"type":0,"width":0},{"ai_group_type":"","create_time":1755197699,"duration":4100000,"extra_info":"Airplane Window Green Screen Copyright Free Video.mp4","file_Path":"C:/Users/User/Downloads/Airplane Window Green Screen Copyright Free Video.mp4","height":360,"id":"8ec2de32-213e-4901-8120-0c63baf60574","import_time":1755198810,"import_time_ms":1755198794637088,"item_source":1,"md5":"","metetype":"video","roughcut_time_range":{"duration":4100000,"start":0},"sub_time_range":{"duration":-1,"start":-1},"type":0,"width":640},{"ai_group_type":"","create_time":1755197326,"duration":3000000,"extra_info":"12254082_3840_2160_24fps.mp4","file_Path":"C:/Users/User/Downloads/12254082_3840_2160_24fps.mp4","height":2160,"id":"7e95ae6a-efbd-44a6-8a25-19a0ab524ba9","import_time":1755198811,"import_time_ms":1755198794688911,"item_source":1,"md5":"","metetype":"video","roughcut_time_range":{"duration":3000000,"start":0},"sub_time_range":{"duration":-1,"start":-1},"type":0,"width":3840},{"ai_group_type":"","create_time":1755197206,"duration":31096000,"extra_info":"3521447-uhd_3840_2160_30fps.mp4","file_Path":"C:/Users/User/Downloads/3521447-uhd_3840_2160_30fps.mp4","height":2160,"id":"6f036869-2183-4068-a9b0-4c2df173320a","import_time":1755198812,"import_time_ms":1755198794689737,"item_source":1,"md5":"","metetype":"video","roughcut_time_range":{"duration":31096000,"start":0},"sub_time_range":{"duration":-1,"start":-1},"type":0,"width":3840},{"ai_group_type":"","create_time":1755197114,"duration":26776000,"extra_info":"857268-uhd_4096_2160_24fps.mp4","file_Path":"C:/Users/User/Downloads/857268-uhd_4096_2160_24fps.mp4","height":2160,"id":"c1e18162-d6b4-484d-8be3-c03b34055951","import_time":1755198813,"import_time_ms":1755198794690925,"item_source":1,"md5":"","metetype":"video","roughcut_time_range":{"duration":26776000,"start":0},"sub_time_range":{"duration":-1,"start":-1},"type":0,"width":4096},{"ai_group_type":"","create_time":1755197096,"duration":20620000,"extra_info":"1739010-hd_1920_1080_30fps.mp4","file_Path":"C:/Users/User/Downloads/1739010-hd_1920_1080_30fps.mp4","height":1080,"id":"184ec6af-8e1a-47f0-b5e6-06d92e6f10c0","import_time":1755198814,"import_time_ms":1755198794691574,"item_source":1,"md5":"","metetype":"video","roughcut_time_range":{"duration":20620000,"start":0},"sub_time_range":{"duration":-1,"start":-1},"type":0,"width":1920}]},{"type":1,"value":[]},{"type":2,"value":[]},{"type":3,"value":[]},{"type":6,"value":[]},{"type":7,"value":[]},{"type":8,"value":[{"ai_group_type":"","create_time":0,"duration":0,"extra_info":"{\n  \"musicPanelType\": \"musictype_audio\",\n  \"resouceType\": \"Platform_SongLib\",\n  \"resourceID\": \"7376209227352606774\",\n  \"signHeader\": false,\n  \"url\": \"https://sf16-web-music.capcutstatic.com/obj/tos-alisg-ve-2774/oQdt7C6xYCgeWEYmSXFfABghLHwD9SQIZFDmtr\"\n}","file_Path":"C:/Users/User/AppData/Local/CapCut/User Data/Cache/music/aeeb33b9935416fdd2f01c34d31f8604.mp3","height":0,"id":"6BE1E52F-4473-4c81-B6D9-986EBB87790D","import_time":1755199642,"import_time_ms":-1,"item_source":1,"md5":"","metetype":"none","roughcut_time_range":{"duration":-1,"start":-1},"sub_time_range":{"duration":-1,"start":-1},"type":8,"width":0},{"ai_group_type":"","create_time":0,"duration":0,"extra_info":"{\n  \"musicPanelType\": \"musictype_audio\",\n  \"resouceType\": \"Platform_SongLib\",\n  \"resourceID\": \"7376209227352606774\",\n  \"signHeader\": true,\n  \"url\": \"https://sf16-web-music.capcutstatic.com/obj/tos-alisg-v-2774/oIt3eAA0MDBDRK3YCiFEAfDta2FzN2AIINfpGN\"\n}","file_Path":"C:/Users/User/AppData/Local/CapCut/User Data/Cache/music/101c35d0db6656adb18255477ac957a5.beat","height":0,"id":"C86B629C-F409-47a6-AA2F-BFFE18D5C1C8","import_time":1755199642,"import_time_ms":-1,"item_source":1,"md5":"","metetype":"none","roughcut_time_range":{"duration":-1,"start":-1},"sub_time_range":{"duration":-1,"start":-1},"type":8,"width":0}]}],"draft_materials_copied_info":[],"draft_name":"VACATION","draft_need_rename_folder":false,"draft_new_version":"","draft_removable_storage_device":"","draft_root_path":"C:/Users/User/Downloads/CapCut Drafts","draft_segment_extra_info":[{"extra_mask_aspect_ratio_locked":false,"extra_segmend_id":"51E1D0D0-6214-479d-B6FD-244C372F489B"},{"extra_mask_aspect_ratio_locked":false,"extra_segmend_id":"A860CCFF-E288-4200-A861-2109158F0FC7"},{"extra_mask_aspect_ratio_locked":false,"extra_segmend_id":"B166D2A5-0556-409a-8A52-6457E9BED0CD"},{"extra_mask_aspect_ratio_locked":false,"extra_segmend_id":"E46A02B2-172C-4d8d-A6AB-A9FB307DB2FB"},{"extra_mask_aspect_ratio_locked":false,"extra_segmend_id":"E5014BBF-A8D2-4cbc-9579-527F8F69696D"}],"draft_timeline_materials_size_":90761028,"draft_type":"","draft_web_article_video_enter_from":"","tm_draft_cloud_completed":"","tm_draft_cloud_entry_id":-1,"tm_draft_cloud_modified":0,"tm_draft_cloud_parent_entry_id":-1,"tm_draft_cloud_space_id":-1,"tm_draft_cloud_user_id":-1,"tm_draft_create":1754594423639919,"tm_draft_modified":1755199911480513,"tm_draft_removed":0,"tm_duration":31866666}