{"canvas_config":{"background":null,"height":1080,"ratio":"original","width":1920},"color_space":0,"config":{"adjust_max_index":1,"attachment_info":[],"combination_max_index":1,"export_range":null,"extract_audio_last_index":1,"lyrics_recognition_id":"","lyrics_sync":true,"lyrics_taskinfo":[],"maintrack_adsorb":false,"material_save_mode":0,"multi_language_current":"none","multi_language_list":[],"multi_language_main":"none","multi_language_mode":"none","original_sound_last_index":1,"record_audio_last_index":1,"sticker_max_index":1,"subtitle_keywords_config":null,"subtitle_recognition_id":"","subtitle_sync":true,"subtitle_taskinfo":[],"system_font_list":[],"use_float_render":false,"video_mute":false,"zoom_info_params":null},"cover":null,"create_time":0,"draft_type":"video","duration":31866666,"extra_info":null,"fps":30.0,"free_render_index_mode_on":false,"group_container":null,"id":"755EF781-D569-42bb-863F-A15AC4D10683","is_drop_frame_timecode":false,"keyframe_graph_list":[],"keyframes":{"adjusts":[],"audios":[],"effects":[],"filters":[],"handwrites":[],"stickers":[],"texts":[],"videos":[]},"last_modified_platform":{"app_id":359289,"app_source":"cc","app_version":"6.8.1","device_id":"fddcccd970ed25cadbeee62b67513643","hard_disk_id":"aebaf36a5779cd306d7a50528d371cc6","mac_address":"f3422345e943d1ac3ce7455d30c37d47","os":"windows","os_version":"10.0.26100"},"lyrics_effects":[],"materials":{"ai_translates":[],"audio_balances":[],"audio_effects":[],"audio_fades":[{"fade_in_duration":766666,"fade_out_duration":666666,"fade_type":0,"id":"0F8BBCED-8FA0-412f-826B-4206421B045B","type":"audio_fade"}],"audio_track_indexes":[],"audios":[{"ai_music_generate_scene":0,"ai_music_type":0,"aigc_history_id":"","aigc_item_id":"","app_id":1775,"category_id":"7101573280963808002","category_name":"Travel","check_flag":1,"cloned_model_type":"","copyright_limit_type":"none","duration":163666666,"effect_id":"","formula_id":"","id":"7095EBDC-D8FF-4874-B05D-8D3CBC9C1B60","intensifies_path":"","is_ai_clone_tone":false,"is_ai_clone_tone_post":false,"is_text_edit_overdub":false,"is_ugc":false,"local_material_id":"","lyric_type":0,"moyin_emotion":"","music_id":"7376209227352606774","music_source":"","name":"Happy Everyday","path":"C:\\Users\\User\\AppData\\Local\\CapCut\\User Data\\Cache\\music\\aeeb33b9935416fdd2f01c34d31f8604.mp3","pgc_id":"","pgc_name":"","query":"","request_id":"20250815032651627A4F5CFC136C6298C6","resource_id":"","search_id":"","similiar_music_info":{"original_song_id":"","original_song_name":""},"sound_separate_type":"","source_from":"","source_platform":0,"team_id":"","text_id":"","third_resource_id":"","tone_category_id":"","tone_category_name":"","tone_effect_id":"","tone_effect_name":"","tone_emotion_name_key":"","tone_emotion_role":"","tone_emotion_scale":0.0,"tone_emotion_selection":"","tone_emotion_style":"","tone_platform":"","tone_second_category_id":"","tone_second_category_name":"","tone_speaker":"","tone_type":"","tts_generate_scene":"","tts_task_id":"","type":"music","video_id":"","wave_points":[]}],"beats":[{"ai_beats":{"beat_speed_infos":[],"beats_path":"C:/Users/User/AppData/Local/CapCut/User Data/Cache/music/101c35d0db6656adb18255477ac957a5.beat","beats_url":"https://sf16-web-music.capcutstatic.com/obj/tos-alisg-v-2774/oIt3eAA0MDBDRK3YCiFEAfDta2FzN2AIINfpGN","melody_path":"","melody_percents":[0.6000000238418579],"melody_url":""},"enable_ai_beats":false,"gear":404,"gear_count":0,"id":"1D46B17B-B74F-4724-9C28-B9E629694B8E","mode":404,"type":"beats","user_beats":[],"user_delete_ai_beats":null}],"canvases":[{"album_image":"","blur":0.0,"color":"","id":"509704A1-58A3-4da2-86C0-F378DE9D4A2A","image":"","image_id":"","image_name":"","source_platform":0,"team_id":"","type":"canvas_color"},{"album_image":"","blur":0.0,"color":"","id":"EE9AA059-8652-44a4-A88B-A3C856A1D0D7","image":"","image_id":"","image_name":"","source_platform":0,"team_id":"","type":"canvas_color"},{"album_image":"","blur":0.0,"color":"","id":"32C9A3F5-1F21-4132-86DB-C0F74BD1C252","image":"","image_id":"","image_name":"","source_platform":0,"team_id":"","type":"canvas_color"},{"album_image":"","blur":0.0,"color":"","id":"62D65EAA-ED96-413e-9E45-86050CB2420C","image":"","image_id":"","image_name":"","source_platform":0,"team_id":"","type":"canvas_color"},{"album_image":"","blur":0.0,"color":"","id":"E41CE101-3172-4bfc-A3AA-397BA59C3130","image":"","image_id":"","image_name":"","source_platform":0,"team_id":"","type":"canvas_color"},{"album_image":"","blur":0.0,"color":"","id":"91884E2C-A4AC-40ce-9418-527890E16B88","image":"","image_id":"","image_name":"","source_platform":0,"team_id":"","type":"canvas_color"}],"chromas":[{"color":"#00ff00ff","edge_smooth_value":0.0,"id":"736DD546-F2E3-4ba6-B468-FB3DB28D4943","intensity_value":0.2,"path":"C:/Users/User/AppData/Local/CapCut/Apps/6.8.1.2758/Resources/Chroma2","resource_id":"","shadow_value":0.0,"should_transfer_color":true,"spill_value":0.0,"type":"chroma","version":"v2"}],"color_curves":[],"common_mask":[{"category":"video","category_id":"","category_name":"","config":{"aspectRatio":1.0,"centerX":-0.055084745762711884,"centerY":0.0,"expansion":0.0,"feather":0.0,"height":0.0,"invert":false,"rotation":90.0,"roundCorner":0.0,"width":0.28},"constant_material_id":"339206F7-6079-4c7e-82C0-5F28B4BA7FEA","contour_path":null,"id":"B166D2A5-0556-409a-8A52-6457E9BED0CD","is_old_version":false,"loader_work_space":"","name":"Split","panel":"","path":"C:/Users/User/AppData/Local/CapCut/User Data/Cache/effect/1068046536/4c6a0ef5de6a844342d40330e00c59eb","platform":"all","position_info":"","resource_id":"7374020197990011409","resource_type":"line","source_platform":0,"text_config":{"align_type":15,"bold_width":0.0,"char_spacing":0.0,"content":"","font_name":"","font_path":"","font_resource_id":"","font_size":15.0,"has_underline":false,"italic_degree":0,"line_gap":0.0,"scale":1.0},"track_segment":"","type":"mask"},{"category":"video","category_id":"","category_name":"","config":{"aspectRatio":1.0,"centerX":-0.681658561060182,"centerY":-0.4788399609943231,"expansion":0.0,"feather":0.1,"height":0.0,"invert":false,"rotation":90.0,"roundCorner":0.0,"width":0.28},"constant_material_id":"7206FD0D-1927-4ad6-9707-9D008C46BE4E","contour_path":null,"id":"E5014BBF-A8D2-4cbc-9579-527F8F69696D","is_old_version":false,"loader_work_space":"","name":"Split","panel":"","path":"C:/Users/User/AppData/Local/CapCut/User Data/Cache/effect/1068046536/4c6a0ef5de6a844342d40330e00c59eb","platform":"all","position_info":"","resource_id":"7374020197990011409","resource_type":"line","source_platform":0,"text_config":{"align_type":15,"bold_width":0.0,"char_spacing":0.0,"content":"","font_name":"","font_path":"","font_resource_id":"","font_size":15.0,"has_underline":false,"italic_degree":0,"line_gap":0.0,"scale":1.0},"track_segment":"","type":"mask"}],"digital_human_model_dressing":[],"digital_humans":[],"drafts":[],"effects":[{"adjust_params":[],"algorithm_artifact_path":"","apply_target_type":0,"beauty_face_auto_preset_id":"","bloom_params":null,"category_id":"","category_name":"","color_match_info":{"source_feature_path":"","target_feature_path":"","target_image_path":""},"covering_relation_change":0,"effect_id":"871333","enable_skin_tone_correction":false,"exclusion_group":[],"face_adjust_params":[],"formula_id":"","id":"2FB8F448-438A-44da-A241-9CF6844BDB11","intensity_key":"","item_effect_type":0,"lumi_hub_path":"","multi_language_current":"","name":"Multiply","panel_id":"","path":"C:\\Users\\User\\AppData\\Local\\CapCut\\Apps\\6.8.1.2758\\Resources\\MixMode\\8001e07eefc5d8b69572b977ca14bef9","platform":"all","request_id":"","resource_id":"6758325895519277582","smart_color_mode":0,"source_platform":0,"sub_category_id":"","sub_category_name":"","sub_type":"none","third_resource_id":"","time_range":null,"type":"mix_mode","value":1.0,"version":""}],"flowers":[],"green_screens":[],"handwrites":[],"hsl":[],"hsl_curves":[],"images":[],"log_color_wheels":[],"loudnesses":[{"enable":false,"file_id":"fb6fa9ed9b271cf7e633b34eed83ef49_0_14466666","id":"B93DAB28-7FBD-49db-A53E-DF3E26851C03","loudness_param":null,"target_loudness":-23.0,"time_range":{"duration":11466666,"start":0}}],"manual_beautys":[],"manual_deformations":[],"material_animations":[{"animations":[],"id":"AB4C3D8E-C0E4-4238-8A82-05824D20991D","multi_language_current":"none","type":"sticker_animation"},{"animations":[],"id":"68C55D0E-300B-494f-BA42-891EADA57B57","multi_language_current":"none","type":"sticker_animation"},{"animations":[{"anim_adjust_params":null,"category_id":"ruchang","category_name":"In","duration":500000,"id":"6724920249654710791","material_type":"sticker","name":"Type 1","panel":"","path":"C:/Users/User/AppData/Local/CapCut/User Data/Cache/effect/6724920249654710791/c539514fc398e05a6cf4d7c196f78305","platform":"all","request_id":"20250813103715B8C9E8897DD4BF9FE255","resource_id":"6724920249654710791","source_platform":1,"start":0,"third_resource_id":"6724920249654710791","type":"in"}],"id":"34A3F797-5439-4ea0-ADB5-A14A850C11DF","multi_language_current":"none","type":"sticker_animation"},{"animations":[],"id":"67A88E26-3A96-4a02-BE18-9A82B35930D6","multi_language_current":"none","type":"sticker_animation"},{"animations":[],"id":"62A8A36E-81FC-49c6-8BB6-6EB39027056E","multi_language_current":"none","type":"sticker_animation"},{"animations":[{"anim_adjust_params":null,"category_id":"6825","category_name":"Out","duration":2000000,"id":"7473710407329255953","material_type":"video","name":"Blurred Fade-in","panel":"video","path":"C:/Users/User/AppData/Local/CapCut/User Data/Cache/effect/7473710407329255953/0b044ebdb1a22f212aa537ff91d72f46","platform":"all","request_id":"20250813103714C73335207442E3FF3796","resource_id":"7473710407329255953","source_platform":1,"start":9466666,"third_resource_id":"7473710407329255953","type":"out"}],"id":"99FFC098-1DB0-4d3d-86B1-DF8FDFC3BF66","multi_language_current":"none","type":"sticker_animation"}],"material_colors":[],"multi_language_refs":[],"placeholder_infos":[{"error_path":"","error_text":"","id":"823BADD8-B41C-44fb-B650-9003D5F853E5","meta_type":"none","res_path":"","res_text":"","type":"placeholder_info"},{"error_path":"","error_text":"","id":"03F8BF08-B2CB-4c34-B22B-6B63306CFF54","meta_type":"none","res_path":"","res_text":"","type":"placeholder_info"},{"error_path":"","error_text":"","id":"8A2F02B3-F13B-430f-AE28-F5DB20C85037","meta_type":"none","res_path":"","res_text":"","type":"placeholder_info"},{"error_path":"","error_text":"","id":"21D9BF08-4A49-4a68-BB20-F97AD105AA41","meta_type":"none","res_path":"","res_text":"","type":"placeholder_info"},{"error_path":"","error_text":"","id":"63B15342-5601-4592-AEF5-B4554E3BB91D","meta_type":"none","res_path":"","res_text":"","type":"placeholder_info"},{"error_path":"","error_text":"","id":"B53D563F-83F2-44b0-BFE9-9D5812114218","meta_type":"none","res_path":"","res_text":"","type":"placeholder_info"},{"error_path":"","error_text":"","id":"F3F4B1A2-5EAE-46a6-A475-4AA2AD013AC7","meta_type":"none","res_path":"","res_text":"","type":"placeholder_info"}],"placeholders":[],"plugin_effects":[],"primary_color_wheels":[],"realtime_denoises":[{"denoise_mode":1.0,"denoise_rate":0.85,"id":"4F2A1128-87CF-401d-BA24-AAB7C0092AF9","is_denoise":false,"path":"C:/Users/User/AppData/Local/CapCut/Apps/6.8.1.2758/Resources/audiosami/unet_denoise_44k_music_model_v1.0.model","sami_name":"denoise_v2","sami_type":2,"sami_version":"1.0","type":"realtime_denoise"}],"shapes":[],"smart_crops":[],"smart_relights":[],"sound_channel_mappings":[{"audio_channel_mapping":0,"id":"4D813A1F-167B-4161-9E00-1BC5D0944799","is_config_open":false,"type":"none"},{"audio_channel_mapping":0,"id":"EA6EDE5F-9227-4341-89EF-A7EA3333D3FF","is_config_open":false,"type":"none"},{"audio_channel_mapping":0,"id":"59DA6891-8D4E-42b8-8065-80008529DBEF","is_config_open":false,"type":"none"},{"audio_channel_mapping":0,"id":"5C49FC69-7FBC-4df1-A96D-E323EC1C2723","is_config_open":false,"type":"none"},{"audio_channel_mapping":0,"id":"C2D972EF-C1DC-4691-9A64-BB4794F7F666","is_config_open":false,"type":"none"},{"audio_channel_mapping":0,"id":"C50D47E1-A0FF-45ea-A9F8-BA84CDA83B29","is_config_open":false,"type":"none"},{"audio_channel_mapping":0,"id":"12431264-E2C5-4346-84D2-7BB1F8AB888A","is_config_open":false,"type":"none"}],"speeds":[{"curve_speed":null,"id":"BDF932DB-86FB-409a-96CB-566D9691EB18","mode":0,"speed":1.0,"type":"speed"},{"curve_speed":null,"id":"A4DD7EF8-6FCF-4190-9828-774C80C1A30F","mode":0,"speed":1.0,"type":"speed"},{"curve_speed":null,"id":"A8FEBB3B-DAC8-4c0c-98D3-61F2FFC0EA02","mode":0,"speed":1.0,"type":"speed"},{"curve_speed":null,"id":"DA780876-54EF-4dd8-A20B-9827B641CE66","mode":0,"speed":1.0,"type":"speed"},{"curve_speed":null,"id":"A9E48F4F-D13C-4f1c-87C1-0FD3086EC036","mode":0,"speed":1.0,"type":"speed"},{"curve_speed":null,"id":"8D71A066-1458-4e6e-A23E-B5C7161CEBB9","mode":0,"speed":1.0,"type":"speed"},{"curve_speed":null,"id":"5980E939-6991-4150-92A4-3B6FEE64BA7A","mode":0,"speed":1.0,"type":"speed"}],"stickers":[],"tail_leaders":[],"text_templates":[],"texts":[{"add_type":0,"alignment":1,"background_alpha":1.0,"background_color":"#000000","background_fill":"","background_height":0.14,"background_horizontal_offset":0.0,"background_round_radius":0.0,"background_style":1,"background_vertical_offset":0.0,"background_width":0.14,"base_content":"","bold_width":0.0,"border_alpha":1.0,"border_color":"","border_width":0.08,"caption_template_info":{"category_id":"","category_name":"","effect_id":"","is_new":false,"path":"","request_id":"","resource_id":"","resource_name":"","source_platform":0,"third_resource_id":""},"check_flag":23,"combo_info":{"text_templates":[]},"content":"{\"text\":\"PARIS\",\"styles\":[{\"fill\":{\"content\":{\"render_type\":\"solid\",\"solid\":{\"color\":[1,1,1]}}},\"font\":{\"path\":\"C:/Users/User/AppData/Local/CapCut/User Data/Cache/effect/6807743423336944142/662735226e12fedccc13d7c489aa1977/Anton-Regular.ttf\",\"id\":\"6807743423336944142\"},\"size\":118.07228851318359,\"range\":[0,5]}]}","current_words":{"end_time":[],"start_time":[],"text":[]},"cutoff_postfix":"","fixed_height":-1.0,"fixed_width":-1.0,"font_category_id":"","font_category_name":"","font_id":"","font_name":"","font_path":"C:/Users/User/AppData/Local/CapCut/User Data/Cache/effect/6807743423336944142/662735226e12fedccc13d7c489aa1977/Anton-Regular.ttf","font_resource_id":"6807743423336944142","font_size":118.07228915662651,"font_source_platform":1,"font_team_id":"","font_third_resource_id":"","font_title":"none","font_url":"","fonts":[{"category_id":"user","category_name":"Recently used","effect_id":"6807743423336944142","file_uri":"","id":"D4A21E3B-4F48-4170-AF73-7B431CBC6D25","path":"C:/Users/User/AppData/Local/CapCut/User Data/Cache/effect/6807743423336944142/662735226e12fedccc13d7c489aa1977/Anton-Regular.ttf","request_id":"202508131037088AEC48875650D685F715","resource_id":"6807743423336944142","source_platform":1,"team_id":"","third_resource_id":"","title":"Anton"}],"force_apply_line_max_width":false,"global_alpha":1.0,"group_id":"","has_shadow":false,"id":"6FDA0FF9-52A2-4a81-9FC9-B79113150FF3","initial_scale":1.0,"inner_padding":-1.0,"is_lyric_effect":false,"is_rich_text":false,"is_words_linear":false,"italic_degree":0,"ktv_color":"","language":"","layer_weight":1,"letter_spacing":0.0,"line_feed":1,"line_max_width":0.82,"line_spacing":0.02,"lyric_group_id":"","lyrics_template":{"category_id":"","category_name":"","effect_id":"","panel":"","path":"","request_id":"","resource_id":"","resource_name":""},"multi_language_current":"none","name":"","oneline_cutoff":false,"operation_type":0,"original_size":[],"preset_category":"","preset_category_id":"","preset_has_set_alignment":false,"preset_id":"","preset_index":0,"preset_name":"","recognize_task_id":"","recognize_text":"","recognize_type":0,"relevance_segment":[],"shadow_alpha":0.9,"shadow_angle":-45.0,"shadow_color":"","shadow_distance":5.0,"shadow_point":{"x":0.6363961030678928,"y":-0.6363961030678928},"shadow_smoothing":0.45,"shape_clip_x":false,"shape_clip_y":false,"source_from":"","ssml_content":"","style_name":"","sub_template_id":-1,"sub_type":0,"subtitle_keywords":null,"subtitle_keywords_config":null,"subtitle_template_original_fontsize":0.0,"text_alpha":1.0,"text_color":"#FFFFFF","text_curve":null,"text_preset_resource_id":"","text_size":30,"text_to_audio_ids":[],"translate_original_text":"","tts_auto_update":false,"type":"text","typesetting":0,"underline":false,"underline_offset":0.22,"underline_width":0.05,"use_effect_default_color":true,"words":{"end_time":[],"start_time":[],"text":[]}}],"time_marks":[],"transitions":[{"category_id":"25837","category_name":"yunjing","duration":466666,"effect_id":"7198424967803834881","id":"10AC1E5F-F945-4f7b-BC48-EB56087F9FE9","is_overlap":false,"name":"Shake","path":"C:/Users/User/AppData/Local/CapCut/User Data/Cache/effect/7198424967803834881/3a0fd76188f0955a96b967a9cce139b3","platform":"all","request_id":"202508131037087AE1E8982B6E3C7F08D0","resource_id":"7198424967803834881","source_platform":1,"third_resource_id":"7198424967803834881","type":"transition"},{"category_id":"25837","category_name":"Camera","duration":1200000,"effect_id":"7532477881394449717","id":"59634800-D9D3-4f93-A641-2413A52F83CA","is_overlap":true,"name":"Retro Cyberpunk","path":"C:/Users/User/AppData/Local/CapCut/User Data/Cache/effect/7532477881394449717/7a6d741725075fb54fd564fbf29d7b3d","platform":"all","request_id":"202508150314360559E3DF0287F3D2D376","resource_id":"7532477881394449717","source_platform":1,"third_resource_id":"0","type":"transition"}],"video_effects":[],"video_trackings":[],"videos":[{"aigc_history_id":"","aigc_item_id":"","aigc_type":"none","audio_fade":null,"beauty_body_preset_id":"","beauty_face_auto_preset":{"name":"","preset_id":"","rate_map":"","scene":""},"beauty_face_auto_preset_infos":[],"beauty_face_preset_infos":[],"cartoon_path":"","category_id":"","category_name":"local","check_flag":62977983,"content_feature_info":null,"crop":{"lower_left_x":0.0,"lower_left_y":1.0,"lower_right_x":1.0,"lower_right_y":1.0,"upper_left_x":0.0,"upper_left_y":0.0,"upper_right_x":1.0,"upper_right_y":0.0},"crop_ratio":"free","crop_scale":1.0,"duration":9433333,"extra_type_option":0,"formula_id":"","freeze":null,"has_audio":true,"has_sound_separated":false,"height":1080,"id":"9A4B7643-4269-4c78-84AC-D47AF3062D22","intensifies_audio_path":"","intensifies_path":"","is_ai_generate_content":false,"is_copyright":false,"is_text_edit_overdub":false,"is_unified_beauty_mode":false,"live_photo_cover_path":"","live_photo_timestamp":-1,"local_id":"","local_material_from":"","local_material_id":"562ecaf6-c2ec-4621-b7f0-ef9ef72f07ba","material_id":"","material_name":"0808.mp4","material_url":"","matting":{"custom_matting_id":"","enable_matting_stroke":false,"expansion":0,"feather":0,"flag":0,"has_use_quick_brush":false,"has_use_quick_eraser":false,"interactiveTime":[],"path":"","reverse":false,"strokes":[]},"media_path":"","multi_camera_info":null,"object_locked":null,"origin_material_id":"","path":"C:/Users/User/AppData/Local/CapCut/Videos/0808.mp4","picture_from":"none","picture_set_category_id":"","picture_set_category_name":"","request_id":"","reverse_intensifies_path":"","reverse_path":"","smart_match_info":null,"smart_motion":null,"source":0,"source_platform":0,"stable":{"matrix_path":"","stable_level":0,"time_range":{"duration":0,"start":0}},"team_id":"","type":"video","video_algorithm":{"ai_background_configs":[],"ai_expression_driven":null,"ai_motion_driven":null,"aigc_generate":null,"algorithms":[],"complement_frame_config":null,"deflicker":null,"gameplay_configs":[],"image_interpretation":null,"motion_blur_config":null,"mouth_shape_driver":null,"noise_reduction":null,"path":"","quality_enhance":null,"smart_complement_frame":null,"story_video_modify_video_config":{"is_overwrite_last_video":false,"task_id":"","tracker_task_id":""},"super_resolution":null,"time_range":null},"width":1920},{"aigc_history_id":"","aigc_item_id":"","aigc_type":"none","audio_fade":null,"beauty_body_preset_id":"","beauty_face_auto_preset":{"name":"","preset_id":"","rate_map":"","scene":""},"beauty_face_auto_preset_infos":[],"beauty_face_preset_infos":[],"cartoon_path":"","category_id":"","category_name":"local","check_flag":62978047,"content_feature_info":null,"crop":{"lower_left_x":0.0,"lower_left_y":1.0,"lower_right_x":1.0,"lower_right_y":1.0,"upper_left_x":0.0,"upper_left_y":0.0,"upper_right_x":1.0,"upper_right_y":0.0},"crop_ratio":"free","crop_scale":1.0,"duration":20633333,"extra_type_option":0,"formula_id":"","freeze":null,"has_audio":true,"has_sound_separated":false,"height":1080,"id":"8A730C37-E436-452a-A10E-B77E603D378A","intensifies_audio_path":"","intensifies_path":"","is_ai_generate_content":false,"is_copyright":false,"is_text_edit_overdub":false,"is_unified_beauty_mode":false,"live_photo_cover_path":"","live_photo_timestamp":-1,"local_id":"","local_material_from":"","local_material_id":"184ec6af-8e1a-47f0-b5e6-06d92e6f10c0","material_id":"","material_name":"1739010-hd_1920_1080_30fps.mp4","material_url":"","matting":{"custom_matting_id":"","enable_matting_stroke":false,"expansion":0,"feather":0,"flag":0,"has_use_quick_brush":false,"has_use_quick_eraser":false,"interactiveTime":[],"path":"","reverse":false,"strokes":[]},"media_path":"","multi_camera_info":null,"object_locked":null,"origin_material_id":"","path":"C:/Users/User/Downloads/1739010-hd_1920_1080_30fps.mp4","picture_from":"none","picture_set_category_id":"","picture_set_category_name":"","request_id":"","reverse_intensifies_path":"","reverse_path":"","smart_match_info":null,"smart_motion":null,"source":0,"source_platform":0,"stable":{"matrix_path":"","stable_level":0,"time_range":{"duration":0,"start":0}},"team_id":"","type":"video","video_algorithm":{"ai_background_configs":[],"ai_expression_driven":null,"ai_motion_driven":null,"aigc_generate":null,"algorithms":[],"complement_frame_config":null,"deflicker":null,"gameplay_configs":[],"image_interpretation":null,"motion_blur_config":null,"mouth_shape_driver":null,"noise_reduction":null,"path":"","quality_enhance":null,"smart_complement_frame":null,"story_video_modify_video_config":{"is_overwrite_last_video":false,"task_id":"","tracker_task_id":""},"super_resolution":null,"time_range":{"duration":9166666,"start":0}},"width":1920},{"aigc_history_id":"","aigc_item_id":"","aigc_type":"none","audio_fade":null,"beauty_body_preset_id":"","beauty_face_auto_preset":{"name":"","preset_id":"","rate_map":"","scene":""},"beauty_face_auto_preset_infos":[],"beauty_face_preset_infos":[],"cartoon_path":"","category_id":"","category_name":"local","check_flag":62978047,"content_feature_info":null,"crop":{"lower_left_x":0.0,"lower_left_y":1.0,"lower_right_x":1.0,"lower_right_y":1.0,"upper_left_x":0.0,"upper_left_y":0.0,"upper_right_x":1.0,"upper_right_y":0.0},"crop_ratio":"free","crop_scale":1.0,"duration":26800000,"extra_type_option":0,"formula_id":"","freeze":null,"has_audio":true,"has_sound_separated":false,"height":2160,"id":"5CF09C04-508C-40fd-BF12-F92AAD8B957D","intensifies_audio_path":"","intensifies_path":"","is_ai_generate_content":false,"is_copyright":false,"is_text_edit_overdub":false,"is_unified_beauty_mode":false,"live_photo_cover_path":"","live_photo_timestamp":-1,"local_id":"","local_material_from":"","local_material_id":"c1e18162-d6b4-484d-8be3-c03b34055951","material_id":"","material_name":"857268-uhd_4096_2160_24fps.mp4","material_url":"","matting":{"custom_matting_id":"","enable_matting_stroke":false,"expansion":0,"feather":0,"flag":0,"has_use_quick_brush":false,"has_use_quick_eraser":false,"interactiveTime":[],"path":"","reverse":false,"strokes":[]},"media_path":"","multi_camera_info":null,"object_locked":null,"origin_material_id":"","path":"C:/Users/User/Downloads/857268-uhd_4096_2160_24fps.mp4","picture_from":"none","picture_set_category_id":"","picture_set_category_name":"","request_id":"","reverse_intensifies_path":"","reverse_path":"","smart_match_info":null,"smart_motion":null,"source":0,"source_platform":0,"stable":{"matrix_path":"","stable_level":0,"time_range":{"duration":0,"start":0}},"team_id":"","type":"video","video_algorithm":{"ai_background_configs":[],"ai_expression_driven":null,"ai_motion_driven":null,"aigc_generate":null,"algorithms":[],"complement_frame_config":null,"deflicker":null,"gameplay_configs":[],"image_interpretation":null,"motion_blur_config":null,"mouth_shape_driver":null,"noise_reduction":null,"path":"","quality_enhance":null,"smart_complement_frame":null,"story_video_modify_video_config":{"is_overwrite_last_video":false,"task_id":"","tracker_task_id":""},"super_resolution":null,"time_range":{"duration":7366666,"start":0}},"width":4096},{"aigc_history_id":"","aigc_item_id":"","aigc_type":"none","audio_fade":null,"beauty_body_preset_id":"","beauty_face_auto_preset":{"name":"","preset_id":"","rate_map":"","scene":""},"beauty_face_auto_preset_infos":[],"beauty_face_preset_infos":[],"cartoon_path":"","category_id":"","category_name":"local","check_flag":62978047,"content_feature_info":null,"crop":{"lower_left_x":0.0,"lower_left_y":1.0,"lower_right_x":1.0,"lower_right_y":1.0,"upper_left_x":0.0,"upper_left_y":0.0,"upper_right_x":1.0,"upper_right_y":0.0},"crop_ratio":"free","crop_scale":1.0,"duration":9433333,"extra_type_option":0,"formula_id":"","freeze":null,"has_audio":true,"has_sound_separated":false,"height":360,"id":"64F93A7E-AA78-47ac-94E5-5929940FD623","intensifies_audio_path":"","intensifies_path":"","is_ai_generate_content":false,"is_copyright":false,"is_text_edit_overdub":false,"is_unified_beauty_mode":false,"live_photo_cover_path":"","live_photo_timestamp":-1,"local_id":"","local_material_from":"","local_material_id":"b176ace9-b2cd-4967-89e0-dfca67e661c9","material_id":"","material_name":"Man walking on road side view   Video for kinemaster video editing.mp4","material_url":"","matting":{"custom_matting_id":"","enable_matting_stroke":false,"expansion":0,"feather":0,"flag":0,"has_use_quick_brush":false,"has_use_quick_eraser":false,"interactiveTime":[],"path":"","reverse":false,"strokes":[]},"media_path":"","multi_camera_info":null,"object_locked":null,"origin_material_id":"","path":"C:/Users/User/Downloads/Man walking on road side view   Video for kinemaster video editing.mp4","picture_from":"none","picture_set_category_id":"","picture_set_category_name":"","request_id":"","reverse_intensifies_path":"","reverse_path":"","smart_match_info":null,"smart_motion":null,"source":0,"source_platform":0,"stable":{"matrix_path":"","stable_level":0,"time_range":{"duration":0,"start":0}},"team_id":"","type":"video","video_algorithm":{"ai_background_configs":[],"ai_expression_driven":null,"ai_motion_driven":null,"aigc_generate":null,"algorithms":[],"complement_frame_config":null,"deflicker":null,"gameplay_configs":[],"image_interpretation":null,"motion_blur_config":null,"mouth_shape_driver":null,"noise_reduction":null,"path":"","quality_enhance":null,"smart_complement_frame":null,"story_video_modify_video_config":{"is_overwrite_last_video":false,"task_id":"","tracker_task_id":""},"super_resolution":null,"time_range":null},"width":640},{"aigc_history_id":"","aigc_item_id":"","aigc_type":"none","audio_fade":null,"beauty_body_preset_id":"","beauty_face_auto_preset":{"name":"","preset_id":"","rate_map":"","scene":""},"beauty_face_auto_preset_infos":[],"beauty_face_preset_infos":[],"cartoon_path":"","category_id":"","category_name":"local","check_flag":62978047,"content_feature_info":null,"crop":{"lower_left_x":0.0,"lower_left_y":1.0,"lower_right_x":1.0,"lower_right_y":1.0,"upper_left_x":0.0,"upper_left_y":0.0,"upper_right_x":1.0,"upper_right_y":0.0},"crop_ratio":"free","crop_scale":1.0,"duration":4100000,"extra_type_option":0,"formula_id":"","freeze":null,"has_audio":true,"has_sound_separated":false,"height":360,"id":"7E073383-3F51-4a0c-BCA7-2629B74260E0","intensifies_audio_path":"","intensifies_path":"","is_ai_generate_content":false,"is_copyright":false,"is_text_edit_overdub":false,"is_unified_beauty_mode":false,"live_photo_cover_path":"","live_photo_timestamp":-1,"local_id":"","local_material_from":"","local_material_id":"8ec2de32-213e-4901-8120-0c63baf60574","material_id":"","material_name":"Airplane Window Green Screen Copyright Free Video.mp4","material_url":"","matting":{"custom_matting_id":"","enable_matting_stroke":false,"expansion":0,"feather":0,"flag":0,"has_use_quick_brush":false,"has_use_quick_eraser":false,"interactiveTime":[],"path":"","reverse":false,"strokes":[]},"media_path":"","multi_camera_info":null,"object_locked":null,"origin_material_id":"","path":"C:/Users/User/Downloads/Airplane Window Green Screen Copyright Free Video.mp4","picture_from":"none","picture_set_category_id":"","picture_set_category_name":"","request_id":"","reverse_intensifies_path":"","reverse_path":"","smart_match_info":null,"smart_motion":null,"source":0,"source_platform":0,"stable":{"matrix_path":"","stable_level":0,"time_range":{"duration":0,"start":0}},"team_id":"","type":"video","video_algorithm":{"ai_background_configs":[],"ai_expression_driven":null,"ai_motion_driven":null,"aigc_generate":null,"algorithms":[],"complement_frame_config":null,"deflicker":null,"gameplay_configs":[],"image_interpretation":null,"motion_blur_config":null,"mouth_shape_driver":null,"noise_reduction":null,"path":"","quality_enhance":null,"smart_complement_frame":null,"story_video_modify_video_config":{"is_overwrite_last_video":false,"task_id":"","tracker_task_id":""},"super_resolution":null,"time_range":null},"width":640},{"aigc_history_id":"","aigc_item_id":"","aigc_type":"none","audio_fade":null,"beauty_body_preset_id":"","beauty_face_auto_preset":{"name":"","preset_id":"","rate_map":"","scene":""},"beauty_face_auto_preset_infos":[],"beauty_face_preset_infos":[],"cartoon_path":"","category_id":"","category_name":"local","check_flag":62978047,"content_feature_info":null,"crop":{"lower_left_x":0.0,"lower_left_y":1.0,"lower_right_x":1.0,"lower_right_y":1.0,"upper_left_x":0.0,"upper_left_y":0.0,"upper_right_x":1.0,"upper_right_y":0.0},"crop_ratio":"free","crop_scale":1.0,"duration":90466666,"extra_type_option":0,"formula_id":"","freeze":null,"has_audio":true,"has_sound_separated":false,"height":340,"id":"C402FB67-FB32-4bb4-B087-D599DD89C059","intensifies_audio_path":"","intensifies_path":"","is_ai_generate_content":false,"is_copyright":false,"is_text_edit_overdub":false,"is_unified_beauty_mode":false,"live_photo_cover_path":"","live_photo_timestamp":-1,"local_id":"","local_material_from":"","local_material_id":"adc7d72a-b04e-480e-ac49-7bb2e0b45f2e","material_id":"","material_name":"Paris_ The last drone aerials.mp4","material_url":"","matting":{"custom_matting_id":"","enable_matting_stroke":false,"expansion":0,"feather":0,"flag":0,"has_use_quick_brush":false,"has_use_quick_eraser":false,"interactiveTime":[],"path":"","reverse":false,"strokes":[]},"media_path":"","multi_camera_info":null,"object_locked":null,"origin_material_id":"","path":"C:/Users/User/Downloads/Paris_ The last drone aerials.mp4","picture_from":"none","picture_set_category_id":"","picture_set_category_name":"","request_id":"","reverse_intensifies_path":"","reverse_path":"","smart_match_info":null,"smart_motion":null,"source":0,"source_platform":0,"stable":{"matrix_path":"","stable_level":0,"time_range":{"duration":0,"start":0}},"team_id":"","type":"video","video_algorithm":{"ai_background_configs":[],"ai_expression_driven":null,"ai_motion_driven":null,"aigc_generate":null,"algorithms":[],"complement_frame_config":null,"deflicker":null,"gameplay_configs":[],"image_interpretation":null,"motion_blur_config":null,"mouth_shape_driver":null,"noise_reduction":null,"path":"","quality_enhance":null,"smart_complement_frame":null,"story_video_modify_video_config":{"is_overwrite_last_video":false,"task_id":"","tracker_task_id":""},"super_resolution":null,"time_range":{"duration":14466666,"start":0}},"width":640}],"vocal_beautifys":[{"ambient_sound_level":75,"enable":false,"id":"1AB3D49F-E77B-4ab6-AF56-0A0318941507","production_path":"##_draftpath_placeholder_0E685133-18CE-45ED-8CB8-2904A212EC80_##/Resources/audioAlg/fb6fa9ed9b271cf7e633b34eed83ef49_0_14466666.wav","time_range":{"duration":14466666,"start":0},"type":"vocal_beautify","voice_change_mode":null}],"vocal_separations":[{"choice":0,"enter_from":"","final_algorithm":"","id":"7E543545-556E-46ee-89E4-DFF6AB413FCB","production_path":"","removed_sounds":[],"time_range":null,"type":"vocal_separation"},{"choice":0,"enter_from":"","final_algorithm":"","id":"EACE14EE-7662-4677-8FA3-8E8A0CB7678C","production_path":"","removed_sounds":[],"time_range":null,"type":"vocal_separation"},{"choice":0,"enter_from":"","final_algorithm":"","id":"95972F8F-95A2-412b-8A1A-579936C1154F","production_path":"","removed_sounds":[],"time_range":null,"type":"vocal_separation"},{"choice":0,"enter_from":"","final_algorithm":"","id":"2156B6DD-F098-4814-AD10-FF3F5FC47610","production_path":"","removed_sounds":[],"time_range":null,"type":"vocal_separation"},{"choice":0,"enter_from":"","final_algorithm":"","id":"53E7BB51-AE08-412f-BBFE-8F17AEE92D48","production_path":"","removed_sounds":[],"time_range":null,"type":"vocal_separation"},{"choice":0,"enter_from":"","final_algorithm":"","id":"7893D761-380D-4fe0-AADB-3EC902160A9C","production_path":"","removed_sounds":[],"time_range":null,"type":"vocal_separation"},{"choice":0,"enter_from":"","final_algorithm":"","id":"FDE6901D-0497-496c-B739-82A34FB28D6C","production_path":"","removed_sounds":[],"time_range":null,"type":"vocal_separation"}]},"mutable_config":null,"name":"","new_version":"141.0.0","path":"","platform":{"app_id":359289,"app_source":"cc","app_version":"6.7.0","device_id":"fddcccd970ed25cadbeee62b67513643","hard_disk_id":"aebaf36a5779cd306d7a50528d371cc6","mac_address":"f3422345e943d1ac3ce7455d30c37d47","os":"windows","os_version":"10.0.26100"},"relationships":[],"render_index_track_mode_on":true,"retouch_cover":null,"source":"default","static_cover_image_path":"","time_marks":null,"tracks":[{"attribute":0,"flag":0,"id":"5702D0FB-30AE-4295-BEB3-FC64F48161E8","is_default_name":true,"name":"","segments":[{"caption_info":null,"cartoon":false,"clip":{"alpha":1.0,"flip":{"horizontal":false,"vertical":false},"rotation":0.0,"scale":{"x":1.0,"y":1.0},"transform":{"x":0.0,"y":0.0}},"color_correct_alg_result":"","common_keyframes":[],"desc":"","digital_human_template_group_id":"","enable_adjust":true,"enable_adjust_mask":false,"enable_color_correct_adjust":false,"enable_color_curves":true,"enable_color_match_adjust":false,"enable_color_wheels":true,"enable_hsl":false,"enable_hsl_curves":true,"enable_lut":true,"enable_smart_color_adjust":false,"enable_video_mask":false,"extra_material_refs":["BDF932DB-86FB-409a-96CB-566D9691EB18","823BADD8-B41C-44fb-B650-9003D5F853E5","B166D2A5-0556-409a-8A52-6457E9BED0CD","509704A1-58A3-4da2-86C0-F378DE9D4A2A","AB4C3D8E-C0E4-4238-8A82-05824D20991D","4D813A1F-167B-4161-9E00-1BC5D0944799","7E543545-556E-46ee-89E4-DFF6AB413FCB"],"group_id":"","hdr_settings":{"intensity":1.0,"mode":1,"nits":1000},"id":"F5B69E23-9F99-4c20-81F9-FD17CDD6E825","intensifies_audio":false,"is_loop":false,"is_placeholder":false,"is_tone_modify":false,"keyframe_refs":[],"last_nonzero_volume":1.0,"lyric_keyframes":null,"material_id":"9A4B7643-4269-4c78-84AC-D47AF3062D22","raw_segment_id":"","render_index":0,"render_timerange":{"duration":0,"start":0},"responsive_layout":{"enable":false,"horizontal_pos_layout":0,"size_layout":0,"target_follow":"","vertical_pos_layout":0},"reverse":false,"source":"segmentsourcenormal","source_timerange":{"duration":9433333,"start":0},"speed":1.0,"state":0,"target_timerange":{"duration":9433333,"start":0},"template_id":"","template_scene":"default","track_attribute":0,"track_render_index":0,"uniform_scale":{"on":true,"value":1.0},"visible":true,"volume":1.0},{"caption_info":null,"cartoon":false,"clip":{"alpha":1.0,"flip":{"horizontal":false,"vertical":false},"rotation":0.0,"scale":{"x":1.0,"y":1.0},"transform":{"x":0.0,"y":0.0}},"color_correct_alg_result":"","common_keyframes":[],"desc":"","digital_human_template_group_id":"","enable_adjust":true,"enable_adjust_mask":false,"enable_color_correct_adjust":false,"enable_color_curves":true,"enable_color_match_adjust":false,"enable_color_wheels":true,"enable_hsl":false,"enable_hsl_curves":true,"enable_lut":true,"enable_smart_color_adjust":false,"enable_video_mask":true,"extra_material_refs":["A4DD7EF8-6FCF-4190-9828-774C80C1A30F","03F8BF08-B2CB-4c34-B22B-6B63306CFF54","10AC1E5F-F945-4f7b-BC48-EB56087F9FE9","EE9AA059-8652-44a4-A88B-A3C856A1D0D7","68C55D0E-300B-494f-BA42-891EADA57B57","EA6EDE5F-9227-4341-89EF-A7EA3333D3FF","EACE14EE-7662-4677-8FA3-8E8A0CB7678C"],"group_id":"","hdr_settings":{"intensity":1.0,"mode":1,"nits":1000},"id":"71F71F6C-BD46-4896-B9E0-9E2723D9410C","intensifies_audio":false,"is_loop":false,"is_placeholder":false,"is_tone_modify":false,"keyframe_refs":[],"last_nonzero_volume":1.0,"lyric_keyframes":null,"material_id":"8A730C37-E436-452a-A10E-B77E603D378A","raw_segment_id":"","render_index":0,"render_timerange":{"duration":0,"start":0},"responsive_layout":{"enable":false,"horizontal_pos_layout":0,"size_layout":0,"target_follow":"","vertical_pos_layout":0},"reverse":false,"source":"segmentsourcenormal","source_timerange":{"duration":6166666,"start":0},"speed":1.0,"state":0,"target_timerange":{"duration":6166667,"start":9433333},"template_id":"","template_scene":"default","track_attribute":0,"track_render_index":0,"uniform_scale":{"on":true,"value":1.0},"visible":true,"volume":1.0},{"caption_info":null,"cartoon":false,"clip":{"alpha":1.0,"flip":{"horizontal":false,"vertical":false},"rotation":0.0,"scale":{"x":1.0642253521126759,"y":1.0642253521126759},"transform":{"x":0.0,"y":0.0}},"color_correct_alg_result":"","common_keyframes":[],"desc":"","digital_human_template_group_id":"","enable_adjust":true,"enable_adjust_mask":false,"enable_color_correct_adjust":false,"enable_color_curves":true,"enable_color_match_adjust":false,"enable_color_wheels":true,"enable_hsl":false,"enable_hsl_curves":true,"enable_lut":true,"enable_smart_color_adjust":false,"enable_video_mask":true,"extra_material_refs":["A8FEBB3B-DAC8-4c0c-98D3-61F2FFC0EA02","8A2F02B3-F13B-430f-AE28-F5DB20C85037","32C9A3F5-1F21-4132-86DB-C0F74BD1C252","59DA6891-8D4E-42b8-8065-80008529DBEF","95972F8F-95A2-412b-8A1A-579936C1154F"],"group_id":"","hdr_settings":{"intensity":1.0,"mode":1,"nits":1000},"id":"FB15BE1A-DB08-42db-9CBC-D1CFA1CBAF43","intensifies_audio":false,"is_loop":false,"is_placeholder":false,"is_tone_modify":false,"keyframe_refs":[],"last_nonzero_volume":1.0,"lyric_keyframes":null,"material_id":"5CF09C04-508C-40fd-BF12-F92AAD8B957D","raw_segment_id":"","render_index":0,"render_timerange":{"duration":0,"start":0},"responsive_layout":{"enable":false,"horizontal_pos_layout":0,"size_layout":0,"target_follow":"","vertical_pos_layout":0},"reverse":false,"source":"segmentsourcenormal","source_timerange":{"duration":4366666,"start":0},"speed":1.0,"state":0,"target_timerange":{"duration":4366666,"start":15600000},"template_id":"","template_scene":"default","track_attribute":0,"track_render_index":0,"uniform_scale":{"on":true,"value":1.0},"visible":true,"volume":1.0}],"type":"video"},{"attribute":0,"flag":0,"id":"201E520E-C9EB-4e2d-881B-B95AC8203022","is_default_name":true,"name":"","segments":[{"caption_info":null,"cartoon":false,"clip":{"alpha":1.0,"flip":{"horizontal":false,"vertical":false},"rotation":0.0,"scale":{"x":15.0,"y":15.0},"transform":{"x":-0.26751592356687903,"y":0.0}},"color_correct_alg_result":"","common_keyframes":[{"id":"70F53646-3F2B-43da-9CC4-08E8F104D243","keyframe_list":[{"curveType":"Line","graphID":"","id":"8AC83A35-2E62-487d-8783-8C1921ABAACB","left_control":{"x":0.0,"y":0.0},"right_control":{"x":0.0,"y":0.0},"string_value":"","time_offset":1700000,"values":[0.0]},{"curveType":"Line","graphID":"","id":"37FEC7EC-FCE0-488a-82F0-4B75423AE6D8","left_control":{"x":0.0,"y":0.0},"right_control":{"x":0.0,"y":0.0},"string_value":"","time_offset":3233333,"values":[-0.26751592356687903]}],"material_id":"","property_type":"KFTypePositionX"},{"id":"C35ADA07-D2B6-48fe-BD7C-6DED53C5354B","keyframe_list":[{"curveType":"Line","graphID":"","id":"774FE474-F0E3-4ce5-B753-9195D2552FA8","left_control":{"x":0.0,"y":0.0},"right_control":{"x":0.0,"y":0.0},"string_value":"","time_offset":1700000,"values":[0.0]},{"curveType":"Line","graphID":"","id":"BD5DBCC7-E635-420a-801C-D0DB6EFE9659","left_control":{"x":0.0,"y":0.0},"right_control":{"x":0.0,"y":0.0},"string_value":"","time_offset":3233333,"values":[0.0]}],"material_id":"","property_type":"KFTypePositionY"},{"id":"7550846F-D721-41c0-919F-1D33D693FFB3","keyframe_list":[{"curveType":"Line","graphID":"","id":"662C5783-AE64-4493-AF17-AEF7B9CC2955","left_control":{"x":0.0,"y":0.0},"right_control":{"x":0.0,"y":0.0},"string_value":"","time_offset":1700000,"values":[1.0]},{"curveType":"Line","graphID":"","id":"0D30F6AB-39CE-4b7e-9143-B3519EA2FD74","left_control":{"x":0.0,"y":0.0},"right_control":{"x":0.0,"y":0.0},"string_value":"","time_offset":3233333,"values":[15.0]}],"material_id":"","property_type":"KFTypeScaleX"},{"id":"F04A2DCA-0EAA-430f-A116-63027AE7BB15","keyframe_list":[{"curveType":"Line","graphID":"","id":"01C1146A-9755-40c2-95D8-1519DA7D62BD","left_control":{"x":0.0,"y":0.0},"right_control":{"x":0.0,"y":0.0},"string_value":"","time_offset":1700000,"values":[0.0]},{"curveType":"Line","graphID":"","id":"323A0976-F85D-4e0a-A03B-0E98DB224EC3","left_control":{"x":0.0,"y":0.0},"right_control":{"x":0.0,"y":0.0},"string_value":"","time_offset":3233333,"values":[0.0]}],"material_id":"","property_type":"KFTypeRotation"}],"desc":"","digital_human_template_group_id":"","enable_adjust":false,"enable_adjust_mask":false,"enable_color_correct_adjust":false,"enable_color_curves":true,"enable_color_match_adjust":false,"enable_color_wheels":true,"enable_hsl":false,"enable_hsl_curves":true,"enable_lut":false,"enable_smart_color_adjust":false,"enable_video_mask":true,"extra_material_refs":["34A3F797-5439-4ea0-ADB5-A14A850C11DF"],"group_id":"","hdr_settings":null,"id":"B1300817-4236-4365-97C3-FC7020114169","intensifies_audio":false,"is_loop":false,"is_placeholder":false,"is_tone_modify":false,"keyframe_refs":[],"last_nonzero_volume":1.0,"lyric_keyframes":null,"material_id":"6FDA0FF9-52A2-4a81-9FC9-B79113150FF3","raw_segment_id":"","render_index":14000,"render_timerange":{"duration":0,"start":0},"responsive_layout":{"enable":false,"horizontal_pos_layout":0,"size_layout":0,"target_follow":"","vertical_pos_layout":0},"reverse":false,"source":"segmentsourcenormal","source_timerange":null,"speed":1.0,"state":0,"target_timerange":{"duration":4800000,"start":20400000},"template_id":"","template_scene":"default","track_attribute":0,"track_render_index":1,"uniform_scale":{"on":true,"value":1.0},"visible":true,"volume":1.0}],"type":"text"},{"attribute":0,"flag":2,"id":"949D212B-EA85-432a-BF3F-5EF5AD6C91FE","is_default_name":true,"name":"","segments":[{"caption_info":null,"cartoon":false,"clip":{"alpha":1.0,"flip":{"horizontal":false,"vertical":false},"rotation":0.0,"scale":{"x":1.0,"y":1.0},"transform":{"x":0.0,"y":0.0}},"color_correct_alg_result":"","common_keyframes":[{"id":"8DF63BBB-6A4A-4c37-A612-86D48A5A7539","keyframe_list":[{"curveType":"Line","graphID":"","id":"392599D2-D39E-49c7-AC28-088E65C423A5","left_control":{"x":0.0,"y":0.0},"right_control":{"x":0.0,"y":0.0},"string_value":"","time_offset":1433333,"values":[-0.6822033898305085]},{"curveType":"Line","graphID":"","id":"8393C8FD-642D-4fd1-BBB8-ECFEFD36629B","left_control":{"x":0.0,"y":0.0},"right_control":{"x":0.0,"y":0.0},"string_value":"","time_offset":3400000,"values":[-0.681658561060182]},{"curveType":"Line","graphID":"","id":"7C6E6098-BB2F-4c76-97E5-B7864433B2E7","left_control":{"x":0.0,"y":0.0},"right_control":{"x":0.0,"y":0.0},"string_value":"","time_offset":3766666,"values":[-0.5508474576271187]},{"curveType":"Line","graphID":"","id":"EC5C7F10-1B34-4a02-888E-B95F9AB40D22","left_control":{"x":0.0,"y":0.0},"right_control":{"x":0.0,"y":0.0},"string_value":"","time_offset":4033333,"values":[-0.5127118644067797]},{"curveType":"Line","graphID":"","id":"6957714F-6F6E-4fae-B272-5428E8CBFD4C","left_control":{"x":0.0,"y":0.0},"right_control":{"x":0.0,"y":0.0},"string_value":"","time_offset":4233333,"values":[-0.4661016949152543]},{"curveType":"Line","graphID":"","id":"E12B4446-13D2-4bc3-933B-3C62EB0394DB","left_control":{"x":0.0,"y":0.0},"right_control":{"x":0.0,"y":0.0},"string_value":"","time_offset":4500000,"values":[-0.40677966101694923]},{"curveType":"Line","graphID":"","id":"36AA18DE-8495-4c46-AE87-718B75A81802","left_control":{"x":0.0,"y":0.0},"right_control":{"x":0.0,"y":0.0},"string_value":"","time_offset":4833333,"values":[-0.3389830508474577]},{"curveType":"Line","graphID":"","id":"F0E3F9D6-B487-4473-97F7-45AB2E118584","left_control":{"x":0.0,"y":0.0},"right_control":{"x":0.0,"y":0.0},"string_value":"","time_offset":5100000,"values":[-0.28389830508474584]},{"curveType":"Line","graphID":"","id":"C229D2E7-8B95-4ec2-B504-1E44C4381B09","left_control":{"x":0.0,"y":0.0},"right_control":{"x":0.0,"y":0.0},"string_value":"","time_offset":5333333,"values":[-0.22881355932203398]},{"curveType":"Line","graphID":"","id":"9F7E12F2-EA31-4c08-BCBC-AFC5198DD9E2","left_control":{"x":0.0,"y":0.0},"right_control":{"x":0.0,"y":0.0},"string_value":"","time_offset":5600000,"values":[-0.16525423728813568]},{"curveType":"Line","graphID":"","id":"4B3575AA-9A9E-4be6-986A-09E22E0DB6F2","left_control":{"x":0.0,"y":0.0},"right_control":{"x":0.0,"y":0.0},"string_value":"","time_offset":5866666,"values":[-0.11864406779661026]},{"curveType":"Line","graphID":"","id":"B10DC972-AB65-44f5-8E50-D406547C3BC6","left_control":{"x":0.0,"y":0.0},"right_control":{"x":0.0,"y":0.0},"string_value":"","time_offset":6100000,"values":[-0.06355932203389839]},{"curveType":"Line","graphID":"","id":"2ECA3BF2-4F6F-49bb-BB60-6676DF3A2724","left_control":{"x":0.0,"y":0.0},"right_control":{"x":0.0,"y":0.0},"string_value":"","time_offset":6400000,"values":[0.0]},{"curveType":"Line","graphID":"","id":"763FF063-F994-4104-B8CD-482B6F53CA72","left_control":{"x":0.0,"y":0.0},"right_control":{"x":0.0,"y":0.0},"string_value":"","time_offset":6766666,"values":[0.07203389830508475]},{"curveType":"Line","graphID":"","id":"FA96A01A-8A1B-4a7c-99AC-D9ACBB0CCC4E","left_control":{"x":0.0,"y":0.0},"right_control":{"x":0.0,"y":0.0},"string_value":"","time_offset":7033333,"values":[0.1228813559322034]},{"curveType":"Line","graphID":"","id":"2750518F-9E70-4bc5-B62F-5046CCF7AEC0","left_control":{"x":0.0,"y":0.0},"right_control":{"x":0.0,"y":0.0},"string_value":"","time_offset":7266666,"values":[0.17372881355932204]},{"curveType":"Line","graphID":"","id":"E6DE0B72-D3B5-4c9b-8238-2F74179C4F05","left_control":{"x":0.0,"y":0.0},"right_control":{"x":0.0,"y":0.0},"string_value":"","time_offset":7466666,"values":[0.23305084745762714]},{"curveType":"Line","graphID":"","id":"26DA2316-B9B5-435c-A54C-C0907F2971D5","left_control":{"x":0.0,"y":0.0},"right_control":{"x":0.0,"y":0.0},"string_value":"","time_offset":7800000,"values":[0.3093220338983051]},{"curveType":"Line","graphID":"","id":"51A4A7A9-BCC5-44d5-979A-FE7617E3EEE5","left_control":{"x":0.0,"y":0.0},"right_control":{"x":0.0,"y":0.0},"string_value":"","time_offset":8066666,"values":[0.3559322033898305]},{"curveType":"Line","graphID":"","id":"9EAA5ADF-75A2-41b0-99E7-440E2312B39E","left_control":{"x":0.0,"y":0.0},"right_control":{"x":0.0,"y":0.0},"string_value":"","time_offset":8400000,"values":[0.423728813559322]},{"curveType":"Line","graphID":"","id":"A209F021-5530-4692-B7D4-92E3D70B6ABC","left_control":{"x":0.0,"y":0.0},"right_control":{"x":0.0,"y":0.0},"string_value":"","time_offset":8600000,"values":[0.4661016949152542]},{"curveType":"Line","graphID":"","id":"F86B6671-3DCB-4bf2-B87A-9BB4CA709A2C","left_control":{"x":0.0,"y":0.0},"right_control":{"x":0.0,"y":0.0},"string_value":"","time_offset":8833333,"values":[0.5296610169491525]},{"curveType":"Line","graphID":"","id":"431A3758-5905-4cbb-98E4-F20497A1289E","left_control":{"x":0.0,"y":0.0},"right_control":{"x":0.0,"y":0.0},"string_value":"","time_offset":9000000,"values":[0.5762711864406779]},{"curveType":"Line","graphID":"","id":"E327CE76-1B14-4c6b-9FCF-62F7ABE0D243","left_control":{"x":0.0,"y":0.0},"right_control":{"x":0.0,"y":0.0},"string_value":"","time_offset":9433333,"values":[0.6398305084745761]}],"material_id":"7206FD0D-1927-4ad6-9707-9D008C46BE4E","property_type":"KFTypeCommonMaskPositionX"},{"id":"DE3712CB-BDA4-4595-B68C-8C8AFF927ADB","keyframe_list":[{"curveType":"Line","graphID":"","id":"49C0295F-E05C-4c75-A769-7C7A9260DA4A","left_control":{"x":0.0,"y":0.0},"right_control":{"x":0.0,"y":0.0},"string_value":"","time_offset":1433333,"values":[-0.45112781954887216]},{"curveType":"Line","graphID":"","id":"30F326BB-5F3C-4ea1-9837-4FA4EA0F9908","left_control":{"x":0.0,"y":0.0},"right_control":{"x":0.0,"y":0.0},"string_value":"","time_offset":3400000,"values":[-0.4788399609943231]},{"curveType":"Line","graphID":"","id":"5B88E881-E297-43b7-A020-3BE2A2BC284F","left_control":{"x":0.0,"y":0.0},"right_control":{"x":0.0,"y":0.0},"string_value":"","time_offset":3766666,"values":[-0.46616541353383456]},{"curveType":"Line","graphID":"","id":"509BF0FB-BE84-49c4-8BE5-61BDED762000","left_control":{"x":0.0,"y":0.0},"right_control":{"x":0.0,"y":0.0},"string_value":"","time_offset":4033333,"values":[-0.49624060150375937]},{"curveType":"Line","graphID":"","id":"5DED35BF-CC9F-4152-8628-6CA10E8CDE58","left_control":{"x":0.0,"y":0.0},"right_control":{"x":0.0,"y":0.0},"string_value":"","time_offset":4233333,"values":[-0.5037593984962405]},{"curveType":"Line","graphID":"","id":"EA006529-92C1-40a6-A0C9-C660D739BE69","left_control":{"x":0.0,"y":0.0},"right_control":{"x":0.0,"y":0.0},"string_value":"","time_offset":4500000,"values":[-0.5037593984962405]},{"curveType":"Line","graphID":"","id":"6FB0CE7F-85BC-48d2-AB82-5E28243FC7D6","left_control":{"x":0.0,"y":0.0},"right_control":{"x":0.0,"y":0.0},"string_value":"","time_offset":4833333,"values":[-0.5112781954887218]},{"curveType":"Line","graphID":"","id":"DA648645-4609-4e04-A30F-EC7558C3C0C1","left_control":{"x":0.0,"y":0.0},"right_control":{"x":0.0,"y":0.0},"string_value":"","time_offset":5100000,"values":[-0.5112781954887218]},{"curveType":"Line","graphID":"","id":"60BC8824-2774-40a8-8961-C97E36C506FD","left_control":{"x":0.0,"y":0.0},"right_control":{"x":0.0,"y":0.0},"string_value":"","time_offset":5333333,"values":[-0.518796992481203]},{"curveType":"Line","graphID":"","id":"CE4D1AF3-3372-41a2-9FA7-153BEA22E638","left_control":{"x":0.0,"y":0.0},"right_control":{"x":0.0,"y":0.0},"string_value":"","time_offset":5600000,"values":[-0.518796992481203]},{"curveType":"Line","graphID":"","id":"7B37472A-FEB1-4884-A93D-B91C558C1CF4","left_control":{"x":0.0,"y":0.0},"right_control":{"x":0.0,"y":0.0},"string_value":"","time_offset":5866666,"values":[-0.5263157894736843]},{"curveType":"Line","graphID":"","id":"A531DB59-D711-4dbb-8C18-9DFAA54A7C34","left_control":{"x":0.0,"y":0.0},"right_control":{"x":0.0,"y":0.0},"string_value":"","time_offset":6100000,"values":[-0.5263157894736843]},{"curveType":"Line","graphID":"","id":"EFC91422-9298-436c-BD8E-670D7F61E2D8","left_control":{"x":0.0,"y":0.0},"right_control":{"x":0.0,"y":0.0},"string_value":"","time_offset":6400000,"values":[-0.5263157894736843]},{"curveType":"Line","graphID":"","id":"F8D16AC8-DD94-4a3a-A21A-1DA7C6BAAD5B","left_control":{"x":0.0,"y":0.0},"right_control":{"x":0.0,"y":0.0},"string_value":"","time_offset":6766666,"values":[-0.5263157894736843]},{"curveType":"Line","graphID":"","id":"6D54A15F-AC61-4e8d-A440-3368BBB155D8","left_control":{"x":0.0,"y":0.0},"right_control":{"x":0.0,"y":0.0},"string_value":"","time_offset":7033333,"values":[-0.5263157894736843]},{"curveType":"Line","graphID":"","id":"EC925832-C598-4cc2-99E7-03DA09A3C3F5","left_control":{"x":0.0,"y":0.0},"right_control":{"x":0.0,"y":0.0},"string_value":"","time_offset":7266666,"values":[-0.5263157894736843]},{"curveType":"Line","graphID":"","id":"349DF0C0-0A01-4b01-A6A9-D68A3475AD24","left_control":{"x":0.0,"y":0.0},"right_control":{"x":0.0,"y":0.0},"string_value":"","time_offset":7466666,"values":[-0.5263157894736843]},{"curveType":"Line","graphID":"","id":"68ED93C4-2A41-4755-8F94-D1EFB93FAA0F","left_control":{"x":0.0,"y":0.0},"right_control":{"x":0.0,"y":0.0},"string_value":"","time_offset":7800000,"values":[-0.5338345864661656]},{"curveType":"Line","graphID":"","id":"A76DB0BC-DC49-4ec9-B58B-80934C5E3FB9","left_control":{"x":0.0,"y":0.0},"right_control":{"x":0.0,"y":0.0},"string_value":"","time_offset":8066666,"values":[-0.5413533834586468]},{"curveType":"Line","graphID":"","id":"140EB5E3-D48D-42f6-A57E-A16DABC86887","left_control":{"x":0.0,"y":0.0},"right_control":{"x":0.0,"y":0.0},"string_value":"","time_offset":8400000,"values":[-0.5413533834586468]},{"curveType":"Line","graphID":"","id":"D852D5EA-F97C-45f8-80DF-6FD1FCF6C348","left_control":{"x":0.0,"y":0.0},"right_control":{"x":0.0,"y":0.0},"string_value":"","time_offset":8600000,"values":[-0.5488721804511281]},{"curveType":"Line","graphID":"","id":"4ED97F96-D01B-4aab-9A5F-F98431B61A1B","left_control":{"x":0.0,"y":0.0},"right_control":{"x":0.0,"y":0.0},"string_value":"","time_offset":8833333,"values":[-0.5563909774436093]},{"curveType":"Line","graphID":"","id":"B136C8EE-C215-4b8a-B537-54738B8FACA4","left_control":{"x":0.0,"y":0.0},"right_control":{"x":0.0,"y":0.0},"string_value":"","time_offset":9000000,"values":[-0.5639097744360906]},{"curveType":"Line","graphID":"","id":"E14CE84A-6801-4f7d-82FA-8845F8FE2F92","left_control":{"x":0.0,"y":0.0},"right_control":{"x":0.0,"y":0.0},"string_value":"","time_offset":9433333,"values":[-0.5864661654135341]}],"material_id":"7206FD0D-1927-4ad6-9707-9D008C46BE4E","property_type":"KFTypeCommonMaskPositionY"},{"id":"75007CC4-B6FA-494a-8761-1416D4DED41E","keyframe_list":[{"curveType":"Line","graphID":"","id":"AE9867E6-8BC7-4831-8341-E0085D82F070","left_control":{"x":0.0,"y":0.0},"right_control":{"x":0.0,"y":0.0},"string_value":"","time_offset":1433333,"values":[90.0]},{"curveType":"Line","graphID":"","id":"46411AD5-D09D-4253-8CD3-CC8354D488F2","left_control":{"x":0.0,"y":0.0},"right_control":{"x":0.0,"y":0.0},"string_value":"","time_offset":3400000,"values":[90.0]}],"material_id":"7206FD0D-1927-4ad6-9707-9D008C46BE4E","property_type":"KFTypeCommonMaskRotation"},{"id":"E53E4F03-2D3C-4bad-B94A-DEC512EF0971","keyframe_list":[{"curveType":"Line","graphID":"","id":"F88FCE98-6F64-416e-A2C9-332C3A5A98C5","left_control":{"x":0.0,"y":0.0},"right_control":{"x":0.0,"y":0.0},"string_value":"","time_offset":1433333,"values":[0.1]},{"curveType":"Line","graphID":"","id":"43C3B09D-4854-42cf-9AF4-7900EED04484","left_control":{"x":0.0,"y":0.0},"right_control":{"x":0.0,"y":0.0},"string_value":"","time_offset":3400000,"values":[0.1]}],"material_id":"7206FD0D-1927-4ad6-9707-9D008C46BE4E","property_type":"KFTypeCommonMaskFeather"}],"desc":"","digital_human_template_group_id":"","enable_adjust":true,"enable_adjust_mask":false,"enable_color_correct_adjust":false,"enable_color_curves":true,"enable_color_match_adjust":false,"enable_color_wheels":true,"enable_hsl":false,"enable_hsl_curves":true,"enable_lut":true,"enable_smart_color_adjust":false,"enable_video_mask":true,"extra_material_refs":["DA780876-54EF-4dd8-A20B-9827B641CE66","21D9BF08-4A49-4a68-BB20-F97AD105AA41","59634800-D9D3-4f93-A641-2413A52F83CA","E5014BBF-A8D2-4cbc-9579-527F8F69696D","62D65EAA-ED96-413e-9E45-86050CB2420C","67A88E26-3A96-4a02-BE18-9A82B35930D6","5C49FC69-7FBC-4df1-A96D-E323EC1C2723","2156B6DD-F098-4814-AD10-FF3F5FC47610"],"group_id":"","hdr_settings":{"intensity":1.0,"mode":1,"nits":1000},"id":"59492561-F67C-4158-9F4D-A98E8E76740D","intensifies_audio":false,"is_loop":false,"is_placeholder":false,"is_tone_modify":false,"keyframe_refs":[],"last_nonzero_volume":1.0,"lyric_keyframes":null,"material_id":"64F93A7E-AA78-47ac-94E5-5929940FD623","raw_segment_id":"","render_index":1,"render_timerange":{"duration":0,"start":0},"responsive_layout":{"enable":false,"horizontal_pos_layout":0,"size_layout":0,"target_follow":"","vertical_pos_layout":0},"reverse":false,"source":"segmentsourcenormal","source_timerange":{"duration":9433333,"start":0},"speed":1.0,"state":0,"target_timerange":{"duration":9433333,"start":0},"template_id":"","template_scene":"default","track_attribute":0,"track_render_index":2,"uniform_scale":{"on":true,"value":1.0},"visible":true,"volume":1.0},{"caption_info":null,"cartoon":false,"clip":{"alpha":1.0,"flip":{"horizontal":false,"vertical":false},"rotation":0.0,"scale":{"x":1.0,"y":1.0},"transform":{"x":0.0,"y":0.0}},"color_correct_alg_result":"","common_keyframes":[],"desc":"","digital_human_template_group_id":"","enable_adjust":true,"enable_adjust_mask":false,"enable_color_correct_adjust":false,"enable_color_curves":true,"enable_color_match_adjust":false,"enable_color_wheels":true,"enable_hsl":false,"enable_hsl_curves":true,"enable_lut":true,"enable_smart_color_adjust":false,"enable_video_mask":true,"extra_material_refs":["A9E48F4F-D13C-4f1c-87C1-0FD3086EC036","63B15342-5601-4592-AEF5-B4554E3BB91D","736DD546-F2E3-4ba6-B468-FB3DB28D4943","E41CE101-3172-4bfc-A3AA-397BA59C3130","62A8A36E-81FC-49c6-8BB6-6EB39027056E","C2D972EF-C1DC-4691-9A64-BB4794F7F666","53E7BB51-AE08-412f-BBFE-8F17AEE92D48"],"group_id":"","hdr_settings":{"intensity":1.0,"mode":1,"nits":1000},"id":"C92B5F49-0FA4-4282-AF03-9C5C4FC06889","intensifies_audio":false,"is_loop":false,"is_placeholder":false,"is_tone_modify":false,"keyframe_refs":[],"last_nonzero_volume":1.0,"lyric_keyframes":null,"material_id":"7E073383-3F51-4a0c-BCA7-2629B74260E0","raw_segment_id":"","render_index":2,"render_timerange":{"duration":0,"start":0},"responsive_layout":{"enable":false,"horizontal_pos_layout":0,"size_layout":0,"target_follow":"","vertical_pos_layout":0},"reverse":false,"source":"segmentsourcenormal","source_timerange":{"duration":4100000,"start":0},"speed":1.0,"state":0,"target_timerange":{"duration":4100000,"start":9433333},"template_id":"","template_scene":"default","track_attribute":0,"track_render_index":2,"uniform_scale":{"on":true,"value":1.0},"visible":true,"volume":1.0},{"caption_info":null,"cartoon":false,"clip":{"alpha":1.0,"flip":{"horizontal":false,"vertical":false},"rotation":0.0,"scale":{"x":1.0942253521126755,"y":1.0942253521126755},"transform":{"x":0.0,"y":0.0}},"color_correct_alg_result":"","common_keyframes":[],"desc":"","digital_human_template_group_id":"","enable_adjust":true,"enable_adjust_mask":false,"enable_color_correct_adjust":false,"enable_color_curves":true,"enable_color_match_adjust":false,"enable_color_wheels":true,"enable_hsl":false,"enable_hsl_curves":true,"enable_lut":true,"enable_smart_color_adjust":false,"enable_video_mask":true,"extra_material_refs":["8D71A066-1458-4e6e-A23E-B5C7161CEBB9","B53D563F-83F2-44b0-BFE9-9D5812114218","2FB8F448-438A-44da-A241-9CF6844BDB11","91884E2C-A4AC-40ce-9418-527890E16B88","4F2A1128-87CF-401d-BA24-AAB7C0092AF9","99FFC098-1DB0-4d3d-86B1-DF8FDFC3BF66","C50D47E1-A0FF-45ea-A9F8-BA84CDA83B29","B93DAB28-7FBD-49db-A53E-DF3E26851C03","1AB3D49F-E77B-4ab6-AF56-0A0318941507","7893D761-380D-4fe0-AADB-3EC902160A9C"],"group_id":"","hdr_settings":{"intensity":1.0,"mode":1,"nits":1000},"id":"CB70A32D-1B3D-4a98-9DEF-67E3581F7373","intensifies_audio":false,"is_loop":false,"is_placeholder":false,"is_tone_modify":false,"keyframe_refs":[],"last_nonzero_volume":0.0,"lyric_keyframes":null,"material_id":"C402FB67-FB32-4bb4-B087-D599DD89C059","raw_segment_id":"","render_index":3,"render_timerange":{"duration":0,"start":0},"responsive_layout":{"enable":false,"horizontal_pos_layout":0,"size_layout":0,"target_follow":"","vertical_pos_layout":0},"reverse":false,"source":"segmentsourcenormal","source_timerange":{"duration":11466666,"start":0},"speed":1.0,"state":0,"target_timerange":{"duration":11466666,"start":20400000},"template_id":"","template_scene":"default","track_attribute":0,"track_render_index":2,"uniform_scale":{"on":true,"value":1.0},"visible":true,"volume":0.0}],"type":"video"},{"attribute":0,"flag":0,"id":"4A46D9D4-D158-4688-AFF5-DC5E7855C981","is_default_name":true,"name":"","segments":[{"caption_info":null,"cartoon":false,"clip":null,"color_correct_alg_result":"","common_keyframes":[],"desc":"","digital_human_template_group_id":"","enable_adjust":false,"enable_adjust_mask":false,"enable_color_correct_adjust":false,"enable_color_curves":true,"enable_color_match_adjust":false,"enable_color_wheels":true,"enable_hsl":false,"enable_hsl_curves":true,"enable_lut":false,"enable_smart_color_adjust":false,"enable_video_mask":true,"extra_material_refs":["5980E939-6991-4150-92A4-3B6FEE64BA7A","F3F4B1A2-5EAE-46a6-A475-4AA2AD013AC7","0F8BBCED-8FA0-412f-826B-4206421B045B","1D46B17B-B74F-4724-9C28-B9E629694B8E","12431264-E2C5-4346-84D2-7BB1F8AB888A","FDE6901D-0497-496c-B739-82A34FB28D6C"],"group_id":"","hdr_settings":null,"id":"40D41D93-6DD9-4505-8247-159E0B76B97A","intensifies_audio":false,"is_loop":false,"is_placeholder":false,"is_tone_modify":false,"keyframe_refs":[],"last_nonzero_volume":1.0,"lyric_keyframes":null,"material_id":"7095EBDC-D8FF-4874-B05D-8D3CBC9C1B60","raw_segment_id":"","render_index":0,"render_timerange":{"duration":0,"start":0},"responsive_layout":{"enable":false,"horizontal_pos_layout":0,"size_layout":0,"target_follow":"","vertical_pos_layout":0},"reverse":false,"source":"segmentsourcenormal","source_timerange":{"duration":31866666,"start":0},"speed":1.0,"state":0,"target_timerange":{"duration":31866666,"start":0},"template_id":"","template_scene":"default","track_attribute":0,"track_render_index":3,"uniform_scale":null,"visible":true,"volume":1.0}],"type":"audio"}],"uneven_animation_template_info":{"composition":"","content":"","order":"","sub_template_info_list":[]},"update_time":0,"version":360000}