{"draft_materials":[],"draft_virtual_store":[{"type":0,"value":[{"creation_time":0,"display_name":"","filter_type":0,"id":"","import_time":0,"import_time_us":0,"sort_sub_type":0,"sort_type":0}]},{"type":1,"value":[{"child_id":"cd484075-d92a-4bc9-b45c-d093d2f9e71b","parent_id":""},{"child_id":"b176ace9-b2cd-4967-89e0-dfca67e661c9","parent_id":""},{"child_id":"562ecaf6-c2ec-4621-b7f0-ef9ef72f07ba","parent_id":""},{"child_id":"adc7d72a-b04e-480e-ac49-7bb2e0b45f2e","parent_id":""},{"child_id":"8ec2de32-213e-4901-8120-0c63baf60574","parent_id":""},{"child_id":"7e95ae6a-efbd-44a6-8a25-19a0ab524ba9","parent_id":""},{"child_id":"6f036869-2183-4068-a9b0-4c2df173320a","parent_id":""},{"child_id":"c1e18162-d6b4-484d-8be3-c03b34055951","parent_id":""},{"child_id":"184ec6af-8e1a-47f0-b5e6-06d92e6f10c0","parent_id":""}]},{"type":2,"value":[]}]}