{"canvas_config":{"background":null,"height":1080,"ratio":"original","width":1920},"color_space":0,"config":{"adjust_max_index":1,"attachment_info":[],"combination_max_index":1,"export_range":null,"extract_audio_last_index":1,"lyrics_recognition_id":"","lyrics_sync":true,"lyrics_taskinfo":[],"maintrack_adsorb":true,"material_save_mode":0,"multi_language_current":"none","multi_language_list":[],"multi_language_main":"none","multi_language_mode":"none","original_sound_last_index":1,"record_audio_last_index":1,"sticker_max_index":1,"subtitle_keywords_config":null,"subtitle_recognition_id":"","subtitle_sync":true,"subtitle_taskinfo":[],"system_font_list":[],"use_float_render":false,"video_mute":false,"zoom_info_params":null},"cover":null,"create_time":0,"duration":15000000,"extra_info":null,"fps":30.0,"free_render_index_mode_on":false,"group_container":null,"id":"FB507BF9-B8EE-4b39-B982-BC71351E4161","is_drop_frame_timecode":false,"keyframe_graph_list":[],"keyframes":{"adjusts":[],"audios":[],"effects":[],"filters":[],"handwrites":[],"stickers":[],"texts":[],"videos":[]},"last_modified_platform":{"app_id":359289,"app_source":"cc","app_version":"6.7.0","device_id":"fddcccd970ed25cadbeee62b67513643","hard_disk_id":"aebaf36a5779cd306d7a50528d371cc6","mac_address":"f3422345e943d1ac3ce7455d30c37d47","os":"windows","os_version":"10.0.26100"},"lyrics_effects":[],"materials":{"ai_translates":[],"audio_balances":[],"audio_effects":[],"audio_fades":[{"fade_in_duration":766666,"fade_out_duration":0,"fade_type":0,"id":"0C1A9978-FF22-4a1f-98CD-ACE578090192","type":"audio_fade"}],"audio_track_indexes":[],"audios":[{"ai_music_generate_scene":0,"ai_music_type":0,"aigc_history_id":"","aigc_item_id":"","app_id":0,"category_id":"","category_name":"local","check_flag":1,"cloned_model_type":"","copyright_limit_type":"none","duration":233100000,"effect_id":"","formula_id":"","id":"9A9E2CE8-095C-4a1a-8209-77FBF55A2175","intensifies_path":"","is_ai_clone_tone":false,"is_ai_clone_tone_post":false,"is_text_edit_overdub":false,"is_ugc":false,"local_material_id":"ec255ad6-3239-4e20-988d-cb38f7a9d0b4","lyric_type":0,"moyin_emotion":"","music_id":"c2009b17-9de4-4fcb-85db-2a990767b6de","music_source":"","name":"Bigbang BLUE official Instrumental.mp3","path":"C:/Users/User/Downloads/Bigbang BLUE official Instrumental.mp3","pgc_id":"","pgc_name":"","query":"","request_id":"","resource_id":"","search_id":"","similiar_music_info":{"original_song_id":"","original_song_name":""},"sound_separate_type":"","source_from":"","source_platform":0,"team_id":"","text_id":"","third_resource_id":"","tone_category_id":"","tone_category_name":"","tone_effect_id":"","tone_effect_name":"","tone_emotion_name_key":"","tone_emotion_role":"","tone_emotion_scale":0.0,"tone_emotion_selection":"","tone_emotion_style":"","tone_platform":"","tone_second_category_id":"","tone_second_category_name":"","tone_speaker":"","tone_type":"","tts_generate_scene":"","tts_task_id":"","type":"extract_music","video_id":"","wave_points":[]}],"beats":[{"ai_beats":{"beat_speed_infos":[],"beats_path":"","beats_url":"","melody_path":"","melody_percents":[0.0],"melody_url":""},"enable_ai_beats":false,"gear":404,"gear_count":0,"id":"16A40628-E9A1-4e93-AB21-163A4C109810","mode":404,"type":"beats","user_beats":[],"user_delete_ai_beats":null}],"canvases":[{"album_image":"","blur":0.0,"color":"","id":"CE5FBBE2-C794-40fb-B298-A42EEF98709E","image":"","image_id":"","image_name":"","source_platform":0,"team_id":"","type":"canvas_color"}],"chromas":[],"color_curves":[],"common_mask":[],"digital_human_model_dressing":[],"digital_humans":[],"drafts":[],"effects":[],"flowers":[],"green_screens":[],"handwrites":[],"hsl":[],"images":[],"log_color_wheels":[],"loudnesses":[{"enable":false,"file_id":"","id":"6ECDB4BD-7851-4b28-8243-931E3B5BB73D","loudness_param":null,"target_loudness":0.0,"time_range":null},{"enable":false,"file_id":"","id":"FC3F67B5-D27B-427e-A7E1-D21E4223A863","loudness_param":null,"target_loudness":0.0,"time_range":null}],"manual_beautys":[],"manual_deformations":[],"material_animations":[],"material_colors":[],"multi_language_refs":[],"placeholder_infos":[{"error_path":"","error_text":"","id":"579799CB-2CDB-4bdd-8CC2-93F539147B64","meta_type":"none","res_path":"","res_text":"","type":"placeholder_info"},{"error_path":"","error_text":"","id":"6BE402A6-A947-4a61-8900-62EFF0055ADF","meta_type":"none","res_path":"","res_text":"","type":"placeholder_info"}],"placeholders":[],"plugin_effects":[],"primary_color_wheels":[],"realtime_denoises":[],"shapes":[],"smart_crops":[],"smart_relights":[],"sound_channel_mappings":[{"audio_channel_mapping":0,"id":"9A898EF2-5333-4ca8-AF7D-C52BA321F372","is_config_open":false,"type":"none"},{"audio_channel_mapping":0,"id":"BFC67171-A586-4901-BBDF-EEB4EAA2F4FF","is_config_open":false,"type":"none"}],"speeds":[{"curve_speed":null,"id":"22EA7F13-ADA4-4d71-B5D3-A51B48BF57DB","mode":0,"speed":1.0,"type":"speed"},{"curve_speed":null,"id":"734336BE-8698-4d3b-825D-5DF671CE71AA","mode":0,"speed":1.0,"type":"speed"}],"stickers":[],"tail_leaders":[],"text_templates":[],"texts":[],"time_marks":[],"transitions":[],"video_effects":[],"video_trackings":[],"videos":[{"aigc_history_id":"","aigc_item_id":"","aigc_type":"none","audio_fade":null,"beauty_body_preset_id":"","beauty_face_auto_preset":{"name":"","preset_id":"","rate_map":""},"beauty_face_auto_preset_infos":[],"beauty_face_preset_infos":[],"cartoon_path":"","category_id":"","category_name":"local","check_flag":62978047,"crop":{"lower_left_x":0.0,"lower_left_y":1.0,"lower_right_x":1.0,"lower_right_y":1.0,"upper_left_x":0.0,"upper_left_y":0.0,"upper_right_x":1.0,"upper_right_y":0.0},"crop_ratio":"free","crop_scale":1.0,"duration":15000000,"extra_type_option":0,"formula_id":"","freeze":null,"has_audio":false,"has_sound_separated":false,"height":1080,"id":"E2E6723F-17C3-46bb-AA52-3479AE2BB3F7","intensifies_audio_path":"","intensifies_path":"","is_ai_generate_content":false,"is_copyright":true,"is_text_edit_overdub":false,"is_unified_beauty_mode":false,"live_photo_cover_path":"","live_photo_timestamp":-1,"local_id":"","local_material_from":"","local_material_id":"8c402da6-670b-4ccf-9504-7873815ec585","material_id":"","material_name":"DermaNow Demo.mp4","material_url":"","matting":{"custom_matting_id":"","enable_matting_stroke":false,"expansion":0,"feather":0,"flag":0,"has_use_quick_brush":false,"has_use_quick_eraser":false,"interactiveTime":[],"path":"","reverse":false,"strokes":[]},"media_path":"","multi_camera_info":null,"object_locked":null,"origin_material_id":"","path":"C:/Users/User/Downloads/DermaNow Demo.mp4","picture_from":"none","picture_set_category_id":"","picture_set_category_name":"","request_id":"","reverse_intensifies_path":"","reverse_path":"","smart_match_info":null,"smart_motion":null,"source":0,"source_platform":0,"stable":{"matrix_path":"","stable_level":0,"time_range":{"duration":0,"start":0}},"team_id":"","type":"video","video_algorithm":{"ai_background_configs":[],"ai_expression_driven":null,"ai_motion_driven":null,"aigc_generate":null,"algorithms":[],"complement_frame_config":null,"deflicker":null,"gameplay_configs":[],"image_interpretation":null,"motion_blur_config":null,"mouth_shape_driver":null,"noise_reduction":null,"path":"","quality_enhance":null,"smart_complement_frame":null,"story_video_modify_video_config":{"is_overwrite_last_video":false,"task_id":"","tracker_task_id":""},"super_resolution":null,"time_range":null},"width":1920}],"vocal_beautifys":[],"vocal_separations":[{"choice":0,"enter_from":"","final_algorithm":"","id":"8D946500-3591-4fa3-9D7A-1D16B8CAB937","production_path":"","removed_sounds":[],"time_range":null,"type":"vocal_separation"},{"choice":0,"enter_from":"","final_algorithm":"","id":"DA4AB93D-54F7-45c4-94B7-1814B1022E18","production_path":"","removed_sounds":[],"time_range":null,"type":"vocal_separation"}]},"mutable_config":null,"name":"","new_version":"140.0.0","path":"","platform":{"app_id":359289,"app_source":"cc","app_version":"5.5.0","device_id":"fddcccd970ed25cadbeee62b67513643","hard_disk_id":"aebaf36a5779cd306d7a50528d371cc6","mac_address":"4bf895eb5b89678109c2b0349f81533b,f3422345e943d1ac3ce7455d30c37d47","os":"windows","os_version":"10.0.22631"},"relationships":[],"render_index_track_mode_on":true,"retouch_cover":null,"source":"default","static_cover_image_path":"","time_marks":null,"tracks":[{"attribute":0,"flag":0,"id":"6213AA50-BD4F-402b-AEA4-56109CA6486F","is_default_name":true,"name":"","segments":[{"caption_info":null,"cartoon":false,"clip":{"alpha":1.0,"flip":{"horizontal":false,"vertical":false},"rotation":0.0,"scale":{"x":1.0,"y":1.0},"transform":{"x":0.0,"y":0.0}},"color_correct_alg_result":"","common_keyframes":[],"desc":"","digital_human_template_group_id":"","enable_adjust":true,"enable_adjust_mask":false,"enable_color_correct_adjust":false,"enable_color_curves":true,"enable_color_match_adjust":false,"enable_color_wheels":true,"enable_hsl":false,"enable_lut":true,"enable_smart_color_adjust":false,"enable_video_mask":true,"extra_material_refs":["22EA7F13-ADA4-4d71-B5D3-A51B48BF57DB","579799CB-2CDB-4bdd-8CC2-93F539147B64","CE5FBBE2-C794-40fb-B298-A42EEF98709E","9A898EF2-5333-4ca8-AF7D-C52BA321F372","6ECDB4BD-7851-4b28-8243-931E3B5BB73D","8D946500-3591-4fa3-9D7A-1D16B8CAB937"],"group_id":"","hdr_settings":{"intensity":1.0,"mode":1,"nits":1000},"id":"C9B6710E-8A74-42cb-916C-32A63615B8C7","intensifies_audio":false,"is_loop":false,"is_placeholder":false,"is_tone_modify":false,"keyframe_refs":[],"last_nonzero_volume":1.0,"lyric_keyframes":null,"material_id":"E2E6723F-17C3-46bb-AA52-3479AE2BB3F7","raw_segment_id":"","render_index":0,"render_timerange":{"duration":0,"start":0},"responsive_layout":{"enable":false,"horizontal_pos_layout":0,"size_layout":0,"target_follow":"","vertical_pos_layout":0},"reverse":false,"source":"segmentsourcenormal","source_timerange":{"duration":15000000,"start":0},"speed":1.0,"state":0,"target_timerange":{"duration":15000000,"start":0},"template_id":"","template_scene":"default","track_attribute":0,"track_render_index":0,"uniform_scale":{"on":true,"value":1.0},"visible":true,"volume":1.0}],"type":"video"},{"attribute":0,"flag":0,"id":"B75A1E56-8DB1-4804-9BE4-A68353C8E444","is_default_name":true,"name":"","segments":[{"caption_info":null,"cartoon":false,"clip":null,"color_correct_alg_result":"","common_keyframes":[],"desc":"","digital_human_template_group_id":"","enable_adjust":false,"enable_adjust_mask":false,"enable_color_correct_adjust":false,"enable_color_curves":true,"enable_color_match_adjust":false,"enable_color_wheels":true,"enable_hsl":false,"enable_lut":false,"enable_smart_color_adjust":false,"enable_video_mask":true,"extra_material_refs":["734336BE-8698-4d3b-825D-5DF671CE71AA","6BE402A6-A947-4a61-8900-62EFF0055ADF","0C1A9978-FF22-4a1f-98CD-ACE578090192","16A40628-E9A1-4e93-AB21-163A4C109810","BFC67171-A586-4901-BBDF-EEB4EAA2F4FF","FC3F67B5-D27B-427e-A7E1-D21E4223A863","DA4AB93D-54F7-45c4-94B7-1814B1022E18"],"group_id":"","hdr_settings":null,"id":"776029B1-E0FD-49e8-A2A2-63CE5B019BE8","intensifies_audio":false,"is_loop":false,"is_placeholder":false,"is_tone_modify":false,"keyframe_refs":[],"last_nonzero_volume":1.0,"lyric_keyframes":null,"material_id":"9A9E2CE8-095C-4a1a-8209-77FBF55A2175","raw_segment_id":"","render_index":0,"render_timerange":{"duration":0,"start":0},"responsive_layout":{"enable":false,"horizontal_pos_layout":0,"size_layout":0,"target_follow":"","vertical_pos_layout":0},"reverse":false,"source":"segmentsourcenormal","source_timerange":{"duration":15000000,"start":23300000},"speed":1.0,"state":0,"target_timerange":{"duration":15000000,"start":0},"template_id":"","template_scene":"default","track_attribute":0,"track_render_index":1,"uniform_scale":null,"visible":true,"volume":1.0}],"type":"audio"}],"uneven_animation_template_info":{"composition":"","content":"","order":"","sub_template_info_list":[]},"update_time":0,"version":360000}