{"cloud_draft_cover":false,"cloud_draft_sync":false,"cloud_package_completed_time":"","draft_cloud_capcut_purchase_info":"","draft_cloud_last_action_download":false,"draft_cloud_package_type":"","draft_cloud_purchase_info":"","draft_cloud_template_id":"","draft_cloud_tutorial_info":"","draft_cloud_videocut_purchase_info":"","draft_cover":"draft_cover.jpg","draft_deeplink_url":"","draft_enterprise_info":{"draft_enterprise_extra":"","draft_enterprise_id":"","draft_enterprise_name":"","enterprise_material":[]},"draft_fold_path":"C:/Users/User/Downloads/CapCut Drafts/.recycle_bin/0118","draft_id":"D0F81C35-024C-4c7b-8C6D-D91F5B7C96CA","draft_is_ae_produce":false,"draft_is_ai_packaging_used":false,"draft_is_ai_shorts":false,"draft_is_ai_translate":false,"draft_is_article_video_draft":false,"draft_is_cloud_temp_draft":false,"draft_is_from_deeplink":"false","draft_is_invisible":false,"draft_materials":[{"type":0,"value":[{"ai_group_type":"","create_time":1737204013,"duration":15000000,"extra_info":"New Innovation Apps.mp4","file_Path":"C:/Users/User/Downloads/New Innovation Apps.mp4","height":1080,"id":"e42935a2-1309-454d-9ec2-72e588eb3e67","import_time":1737204478,"import_time_ms":1737204477761155,"item_source":1,"md5":"","metetype":"video","roughcut_time_range":{"duration":15000000,"start":0},"sub_time_range":{"duration":-1,"start":-1},"type":0,"width":1920},{"ai_group_type":"","create_time":1737203586,"duration":233090000,"extra_info":"Bigbang BLUE official Instrumental.mp3","file_Path":"C:/Users/User/Downloads/Bigbang BLUE official Instrumental.mp3","height":0,"id":"ec255ad6-3239-4e20-988d-cb38f7a9d0b4","import_time":1737204499,"import_time_ms":1737204497578178,"item_source":1,"md5":"","metetype":"music","roughcut_time_range":{"duration":233090000,"start":0},"sub_time_range":{"duration":-1,"start":-1},"type":0,"width":0},{"ai_group_type":"","create_time":1737204903,"duration":15000000,"extra_info":"DermaNow Demo.mp4","file_Path":"C:/Users/User/Downloads/DermaNow Demo.mp4","height":1080,"id":"8c402da6-670b-4ccf-9504-7873815ec585","import_time":1737205307,"import_time_ms":1737205304934538,"item_source":1,"md5":"","metetype":"video","roughcut_time_range":{"duration":15000000,"start":0},"sub_time_range":{"duration":-1,"start":-1},"type":0,"width":1920}]},{"type":1,"value":[]},{"type":2,"value":[]},{"type":3,"value":[]},{"type":6,"value":[]},{"type":7,"value":[]},{"type":8,"value":[]}],"draft_materials_copied_info":[],"draft_name":"0118","draft_need_rename_folder":false,"draft_new_version":"139.0.0","draft_removable_storage_device":"","draft_root_path":"C:/Users/User/AppData/Local/CapCut/User Data/Projects/com.lveditor.draft","draft_segment_extra_info":[],"draft_timeline_materials_size_":18945,"draft_type":"","tm_draft_cloud_completed":"","tm_draft_cloud_entry_id":0,"tm_draft_cloud_modified":0,"tm_draft_cloud_parent_entry_id":0,"tm_draft_cloud_space_id":-1,"tm_draft_cloud_user_id":0,"tm_draft_create":1737204467444436,"tm_draft_modified":1754616108830629,"tm_draft_removed":1754616126294,"tm_duration":15000000}