{"cloud_draft_cover":true,"cloud_draft_sync":true,"cloud_package_completed_time":"","draft_cloud_capcut_purchase_info":"","draft_cloud_last_action_download":false,"draft_cloud_package_type":"","draft_cloud_purchase_info":"","draft_cloud_template_id":"","draft_cloud_tutorial_info":"","draft_cloud_videocut_purchase_info":"","draft_cover":"draft_cover.jpg","draft_deeplink_url":"","draft_enterprise_info":{"draft_enterprise_extra":"","draft_enterprise_id":"","draft_enterprise_name":"","enterprise_material":[]},"draft_fold_path":"C:/Users/User/Downloads/CapCut Drafts/.recycle_bin/0808 (1)","draft_id":"C879DCBD-9A01-4fc8-858C-DE106EAAA05D","draft_is_ae_produce":false,"draft_is_ai_packaging_used":false,"draft_is_ai_shorts":false,"draft_is_ai_translate":false,"draft_is_article_video_draft":false,"draft_is_cloud_temp_draft":false,"draft_is_from_deeplink":"false","draft_is_invisible":false,"draft_is_web_article_video":false,"draft_materials":[{"type":0,"value":[]},{"type":1,"value":[]},{"type":2,"value":[]},{"type":3,"value":[]},{"type":6,"value":[]},{"type":7,"value":[]},{"type":8,"value":[]}],"draft_materials_copied_info":[],"draft_name":"0808 (1)","draft_need_rename_folder":false,"draft_new_version":"","draft_removable_storage_device":"","draft_root_path":"C:/Users/User/Downloads/CapCut Drafts","draft_segment_extra_info":[],"draft_timeline_materials_size_":8215,"draft_type":"","draft_web_article_video_enter_from":"","tm_draft_cloud_completed":"","tm_draft_cloud_entry_id":-1,"tm_draft_cloud_modified":0,"tm_draft_cloud_parent_entry_id":-1,"tm_draft_cloud_space_id":-1,"tm_draft_cloud_user_id":-1,"tm_draft_create":1754616129963828,"tm_draft_modified":1755177975461396,"tm_draft_removed":1755177980671,"tm_duration":0}