{"canvas_config":{"background":null,"height":1080,"ratio":"original","width":1920},"color_space":-1,"config":{"adjust_max_index":1,"attachment_info":[],"combination_max_index":1,"export_range":null,"extract_audio_last_index":1,"lyrics_recognition_id":"","lyrics_sync":true,"lyrics_taskinfo":[],"maintrack_adsorb":true,"material_save_mode":0,"multi_language_current":"none","multi_language_list":[],"multi_language_main":"none","multi_language_mode":"none","original_sound_last_index":1,"record_audio_last_index":1,"sticker_max_index":1,"subtitle_keywords_config":null,"subtitle_recognition_id":"","subtitle_sync":true,"subtitle_taskinfo":[],"system_font_list":[],"use_float_render":false,"video_mute":false,"zoom_info_params":null},"cover":null,"create_time":0,"draft_type":"video","duration":0,"extra_info":null,"fps":30.0,"free_render_index_mode_on":false,"group_container":null,"id":"8CA899F8-591D-4703-940A-A0E9C81C4624","is_drop_frame_timecode":false,"keyframe_graph_list":[],"keyframes":{"adjusts":[],"audios":[],"effects":[],"filters":[],"handwrites":[],"stickers":[],"texts":[],"videos":[]},"last_modified_platform":{"app_id":359289,"app_source":"cc","app_version":"6.8.1","device_id":"fddcccd970ed25cadbeee62b67513643","hard_disk_id":"aebaf36a5779cd306d7a50528d371cc6","mac_address":"f3422345e943d1ac3ce7455d30c37d47","os":"windows","os_version":"10.0.26100"},"lyrics_effects":[],"materials":{"ai_translates":[],"audio_balances":[],"audio_effects":[],"audio_fades":[],"audio_track_indexes":[],"audios":[],"beats":[],"canvases":[],"chromas":[],"color_curves":[],"common_mask":[],"digital_human_model_dressing":[],"digital_humans":[],"drafts":[],"effects":[],"flowers":[],"green_screens":[],"handwrites":[],"hsl":[],"hsl_curves":[],"images":[],"log_color_wheels":[],"loudnesses":[],"manual_beautys":[],"manual_deformations":[],"material_animations":[],"material_colors":[],"multi_language_refs":[],"placeholder_infos":[],"placeholders":[],"plugin_effects":[],"primary_color_wheels":[],"realtime_denoises":[],"shapes":[],"smart_crops":[],"smart_relights":[],"sound_channel_mappings":[],"speeds":[],"stickers":[],"tail_leaders":[],"text_templates":[],"texts":[],"time_marks":[],"transitions":[],"video_effects":[],"video_trackings":[],"videos":[],"vocal_beautifys":[],"vocal_separations":[]},"mutable_config":null,"name":"","new_version":"141.0.0","path":"","platform":{"app_id":359289,"app_source":"cc","app_version":"6.7.0","device_id":"fddcccd970ed25cadbeee62b67513643","hard_disk_id":"aebaf36a5779cd306d7a50528d371cc6","mac_address":"f3422345e943d1ac3ce7455d30c37d47","os":"windows","os_version":"10.0.26100"},"relationships":[],"render_index_track_mode_on":true,"retouch_cover":null,"source":"default","static_cover_image_path":"","time_marks":null,"tracks":[],"uneven_animation_template_info":{"composition":"","content":"","order":"","sub_template_info_list":[]},"update_time":0,"version":360000}