{"cloud_draft_cover":true,"cloud_draft_sync":true,"cloud_package_completed_time":"","draft_cloud_capcut_purchase_info":"","draft_cloud_last_action_download":false,"draft_cloud_package_type":"","draft_cloud_purchase_info":"","draft_cloud_template_id":"","draft_cloud_tutorial_info":"","draft_cloud_videocut_purchase_info":"","draft_cover":"draft_cover.jpg","draft_deeplink_url":"","draft_enterprise_info":{"draft_enterprise_extra":"","draft_enterprise_id":"","draft_enterprise_name":"","enterprise_material":[]},"draft_fold_path":"C:/Users/User/Downloads/CapCut Drafts/.recycle_bin/0808 (2)","draft_id":"7520D80A-0B68-47bc-A172-D4C330642ED9","draft_is_ae_produce":false,"draft_is_ai_packaging_used":false,"draft_is_ai_shorts":false,"draft_is_ai_translate":false,"draft_is_article_video_draft":false,"draft_is_cloud_temp_draft":false,"draft_is_from_deeplink":"false","draft_is_invisible":false,"draft_is_web_article_video":false,"draft_materials":[{"type":0,"value":[{"ai_group_type":"","create_time":1754617442,"duration":90440000,"extra_info":"Paris_ The last drone aerials.mp4","file_Path":"C:/Users/User/Downloads/Paris_ The last drone aerials.mp4","height":340,"id":"547acd9a-dc4f-458c-ad45-aaf3f882e3cf","import_time":1754617948,"import_time_ms":1754617946227688,"item_source":1,"md5":"","metetype":"video","roughcut_time_range":{"duration":90440000,"start":0},"sub_time_range":{"duration":-1,"start":-1},"type":0,"width":640},{"ai_group_type":"","create_time":1754592658,"duration":9409000,"extra_info":"Man walking on road side view   Video for kinemaster video editing.mp4","file_Path":"C:/Users/User/Downloads/Man walking on road side view   Video for kinemaster video editing.mp4","height":360,"id":"3cdbb571-847a-4af6-a1df-4ca1909bb54e","import_time":1754618042,"import_time_ms":1754618039487573,"item_source":1,"md5":"","metetype":"video","roughcut_time_range":{"duration":9409000,"start":0},"sub_time_range":{"duration":-1,"start":-1},"type":0,"width":640}]},{"type":1,"value":[]},{"type":2,"value":[]},{"type":3,"value":[]},{"type":6,"value":[]},{"type":7,"value":[]},{"type":8,"value":[]}],"draft_materials_copied_info":[],"draft_name":"0808 (2)","draft_need_rename_folder":false,"draft_new_version":"","draft_removable_storage_device":"","draft_root_path":"C:/Users/User/Downloads/CapCut Drafts","draft_segment_extra_info":[],"draft_timeline_materials_size_":4526371,"draft_type":"","draft_web_article_video_enter_from":"","tm_draft_cloud_completed":"","tm_draft_cloud_entry_id":-1,"tm_draft_cloud_modified":0,"tm_draft_cloud_parent_entry_id":-1,"tm_draft_cloud_space_id":-1,"tm_draft_cloud_user_id":-1,"tm_draft_create":1754617938062811,"tm_draft_modified":1754659584114145,"tm_draft_removed":1754659588323,"tm_duration":7166666}