{"canvas_config":{"background":null,"height":1020,"ratio":"original","width":1920},"color_space":-1,"config":{"adjust_max_index":1,"attachment_info":[],"combination_max_index":1,"export_range":null,"extract_audio_last_index":1,"lyrics_recognition_id":"","lyrics_sync":true,"lyrics_taskinfo":[],"maintrack_adsorb":true,"material_save_mode":0,"multi_language_current":"none","multi_language_list":[],"multi_language_main":"none","multi_language_mode":"none","original_sound_last_index":1,"record_audio_last_index":1,"sticker_max_index":1,"subtitle_keywords_config":null,"subtitle_recognition_id":"","subtitle_sync":true,"subtitle_taskinfo":[],"system_font_list":[],"use_float_render":false,"video_mute":false,"zoom_info_params":null},"cover":null,"create_time":0,"draft_type":"video","duration":7166666,"extra_info":null,"fps":30.0,"free_render_index_mode_on":false,"group_container":null,"id":"53F3517E-CA7D-46d4-8F53-FDB4FA58A8E5","is_drop_frame_timecode":false,"keyframe_graph_list":[],"keyframes":{"adjusts":[],"audios":[],"effects":[],"filters":[],"handwrites":[],"stickers":[],"texts":[],"videos":[]},"last_modified_platform":{"app_id":359289,"app_source":"cc","app_version":"6.8.0","device_id":"fddcccd970ed25cadbeee62b67513643","hard_disk_id":"aebaf36a5779cd306d7a50528d371cc6","mac_address":"f3422345e943d1ac3ce7455d30c37d47","os":"windows","os_version":"10.0.26100"},"lyrics_effects":[],"materials":{"ai_translates":[],"audio_balances":[],"audio_effects":[],"audio_fades":[],"audio_track_indexes":[],"audios":[],"beats":[],"canvases":[{"album_image":"","blur":0.0,"color":"","id":"33D2240B-735B-4b70-A98D-AC072027901A","image":"","image_id":"","image_name":"","source_platform":0,"team_id":"","type":"canvas_color"}],"chromas":[],"color_curves":[],"common_mask":[],"digital_human_model_dressing":[],"digital_humans":[],"drafts":[],"effects":[{"adjust_params":[],"algorithm_artifact_path":"","apply_target_type":0,"beauty_face_auto_preset_id":"","bloom_params":null,"category_id":"","category_name":"","color_match_info":{"source_feature_path":"","target_feature_path":"","target_image_path":""},"covering_relation_change":0,"effect_id":"871333","enable_skin_tone_correction":false,"exclusion_group":[],"face_adjust_params":[],"formula_id":"","id":"CA326BCA-82ED-4d51-881A-930ED3C2AB95","intensity_key":"","item_effect_type":0,"lumi_hub_path":"","multi_language_current":"","name":"Multiply","panel_id":"","path":"C:/Users/User/AppData/Local/CapCut/Apps/6.8.0.2740/Resources/MixMode/8001e07eefc5d8b69572b977ca14bef9","platform":"all","request_id":"","resource_id":"6758325895519277582","smart_color_mode":0,"source_platform":0,"sub_category_id":"","sub_category_name":"","sub_type":"none","third_resource_id":"","time_range":null,"type":"mix_mode","value":1.0,"version":""}],"flowers":[],"green_screens":[],"handwrites":[],"hsl":[],"hsl_curves":[],"images":[],"log_color_wheels":[],"loudnesses":[],"manual_beautys":[],"manual_deformations":[],"material_animations":[{"animations":[],"id":"F7C858DB-4EF2-4023-B965-6C79C56E0E53","multi_language_current":"none","type":"sticker_animation"},{"animations":[],"id":"125ED595-5E54-4481-BF60-F98FE14F9CDE","multi_language_current":"none","type":"sticker_animation"}],"material_colors":[],"multi_language_refs":[],"placeholder_infos":[{"error_path":"","error_text":"","id":"3D672836-940E-422b-A705-C32A4A513075","meta_type":"none","res_path":"","res_text":"","type":"placeholder_info"}],"placeholders":[],"plugin_effects":[],"primary_color_wheels":[],"realtime_denoises":[],"shapes":[],"smart_crops":[],"smart_relights":[],"sound_channel_mappings":[{"audio_channel_mapping":0,"id":"4F38B2EE-974C-4535-BBFB-A0B36327FBA6","is_config_open":false,"type":""}],"speeds":[{"curve_speed":null,"id":"63F96FC1-2029-496e-97B0-65254763D500","mode":0,"speed":1.0,"type":"speed"}],"stickers":[],"tail_leaders":[],"text_templates":[],"texts":[{"add_type":0,"alignment":1,"background_alpha":1.0,"background_color":"#000000","background_fill":"","background_height":0.14,"background_horizontal_offset":0.0,"background_round_radius":0.0,"background_style":1,"background_vertical_offset":0.0,"background_width":0.14,"base_content":"","bold_width":0.0,"border_alpha":1.0,"border_color":"","border_width":0.08,"caption_template_info":{"category_id":"","category_name":"","effect_id":"","is_new":false,"path":"","request_id":"","resource_id":"","resource_name":"","source_platform":0,"third_resource_id":""},"check_flag":19,"combo_info":{"text_templates":[]},"content":"{\"text\":\"PARIS\",\"styles\":[{\"fill\":{\"content\":{\"render_type\":\"solid\",\"solid\":{\"color\":[1,1,1]}}},\"font\":{\"path\":\"C:/Users/User/AppData/Local/CapCut/User Data/Cache/effect/6807743423336944142/662735226e12fedccc13d7c489aa1977/Anton-Regular.ttf\",\"id\":\"6807743423336944142\"},\"size\":113.33333587646484,\"range\":[0,5]}]}","current_words":{"end_time":[],"start_time":[],"text":[]},"cutoff_postfix":"","fixed_height":-1.0,"fixed_width":-1.0,"font_category_id":"","font_category_name":"","font_id":"","font_name":"","font_path":"C:/Users/User/AppData/Local/CapCut/User Data/Cache/effect/6807743423336944142/662735226e12fedccc13d7c489aa1977/Anton-Regular.ttf","font_resource_id":"6807743423336944142","font_size":113.33333333333336,"font_source_platform":1,"font_team_id":"","font_third_resource_id":"","font_title":"none","font_url":"","fonts":[{"category_id":"preset","category_name":"Presets","effect_id":"6807743423336944142","file_uri":"","id":"7A6B56A3-A7D4-4176-B6A8-7EA1D292F230","path":"C:/Users/User/AppData/Local/CapCut/User Data/Cache/effect/6807743423336944142/662735226e12fedccc13d7c489aa1977/Anton-Regular.ttf","request_id":"","resource_id":"6807743423336944142","source_platform":1,"team_id":"","third_resource_id":"","title":"Anton"}],"force_apply_line_max_width":false,"global_alpha":1.0,"group_id":"","has_shadow":false,"id":"2D075076-2B69-4e95-B286-A5A2044C902C","initial_scale":1.0,"inner_padding":-1.0,"is_lyric_effect":false,"is_rich_text":false,"is_words_linear":false,"italic_degree":0,"ktv_color":"","language":"","layer_weight":1,"letter_spacing":0.0,"line_feed":1,"line_max_width":0.82,"line_spacing":0.02,"lyric_group_id":"","lyrics_template":{"category_id":"","category_name":"","effect_id":"","panel":"","path":"","request_id":"","resource_id":"","resource_name":""},"multi_language_current":"none","name":"","oneline_cutoff":false,"operation_type":0,"original_size":[],"preset_category":"","preset_category_id":"","preset_has_set_alignment":false,"preset_id":"","preset_index":0,"preset_name":"","recognize_task_id":"","recognize_text":"","recognize_type":0,"relevance_segment":[],"shadow_alpha":0.9,"shadow_angle":-45.0,"shadow_color":"","shadow_distance":5.0,"shadow_point":{"x":0.6363961030678928,"y":-0.6363961030678928},"shadow_smoothing":0.45,"shape_clip_x":false,"shape_clip_y":false,"source_from":"","ssml_content":"","style_name":"","sub_template_id":-1,"sub_type":0,"subtitle_keywords":null,"subtitle_keywords_config":null,"subtitle_template_original_fontsize":0.0,"text_alpha":1.0,"text_color":"#FFFFFF","text_curve":null,"text_preset_resource_id":"","text_size":30,"text_to_audio_ids":[],"translate_original_text":"","tts_auto_update":false,"type":"text","typesetting":0,"underline":false,"underline_offset":0.22,"underline_width":0.05,"use_effect_default_color":true,"words":{"end_time":[],"start_time":[],"text":[]}}],"time_marks":[],"transitions":[],"video_effects":[],"video_trackings":[],"videos":[{"aigc_history_id":"","aigc_item_id":"","aigc_type":"none","audio_fade":null,"beauty_body_preset_id":"","beauty_face_auto_preset":{"name":"","preset_id":"","rate_map":"","scene":""},"beauty_face_auto_preset_infos":[],"beauty_face_preset_infos":[],"cartoon_path":"","category_id":"","category_name":"local","check_flag":62978047,"content_feature_info":null,"crop":{"lower_left_x":0.0,"lower_left_y":1.0,"lower_right_x":1.0,"lower_right_y":1.0,"upper_left_x":0.0,"upper_left_y":0.0,"upper_right_x":1.0,"upper_right_y":0.0},"crop_ratio":"free","crop_scale":1.0,"duration":90466666,"extra_type_option":0,"formula_id":"","freeze":null,"has_audio":true,"has_sound_separated":false,"height":340,"id":"4C3246C3-7C20-4a61-B517-F34FF4FF3669","intensifies_audio_path":"","intensifies_path":"","is_ai_generate_content":false,"is_copyright":false,"is_text_edit_overdub":false,"is_unified_beauty_mode":false,"live_photo_cover_path":"","live_photo_timestamp":-1,"local_id":"","local_material_from":"","local_material_id":"547acd9a-dc4f-458c-ad45-aaf3f882e3cf","material_id":"","material_name":"Paris_ The last drone aerials.mp4","material_url":"","matting":{"custom_matting_id":"","enable_matting_stroke":false,"expansion":0,"feather":0,"flag":0,"has_use_quick_brush":false,"has_use_quick_eraser":false,"interactiveTime":[],"path":"","reverse":false,"strokes":[]},"media_path":"","multi_camera_info":null,"object_locked":null,"origin_material_id":"","path":"C:/Users/User/Downloads/Paris_ The last drone aerials.mp4","picture_from":"none","picture_set_category_id":"","picture_set_category_name":"","request_id":"","reverse_intensifies_path":"","reverse_path":"","smart_match_info":null,"smart_motion":null,"source":0,"source_platform":0,"stable":{"matrix_path":"","stable_level":0,"time_range":{"duration":0,"start":0}},"team_id":"","type":"video","video_algorithm":{"ai_background_configs":[],"ai_expression_driven":null,"ai_motion_driven":null,"aigc_generate":null,"algorithms":[],"complement_frame_config":null,"deflicker":null,"gameplay_configs":[],"image_interpretation":null,"motion_blur_config":null,"mouth_shape_driver":null,"noise_reduction":null,"path":"","quality_enhance":null,"smart_complement_frame":null,"story_video_modify_video_config":{"is_overwrite_last_video":false,"task_id":"","tracker_task_id":""},"super_resolution":null,"time_range":{"duration":10166666,"start":0}},"width":640}],"vocal_beautifys":[],"vocal_separations":[{"choice":0,"enter_from":"","final_algorithm":"","id":"8976A7BB-B975-4f41-B134-CE7979AE98BD","production_path":"","removed_sounds":[],"time_range":null,"type":"vocal_separation"}]},"mutable_config":null,"name":"","new_version":"141.0.0","path":"","platform":{"app_id":359289,"app_source":"cc","app_version":"6.8.0","device_id":"fddcccd970ed25cadbeee62b67513643","hard_disk_id":"aebaf36a5779cd306d7a50528d371cc6","mac_address":"f3422345e943d1ac3ce7455d30c37d47","os":"windows","os_version":"10.0.26100"},"relationships":[],"render_index_track_mode_on":true,"retouch_cover":null,"source":"default","static_cover_image_path":"","time_marks":null,"tracks":[{"attribute":0,"flag":0,"id":"CD1724F0-4725-45a1-870C-64EE938E08E3","is_default_name":true,"name":"","segments":[],"type":"video"},{"attribute":0,"flag":0,"id":"5DB6A398-317E-4dbd-9D30-45AF4B99DCAC","is_default_name":true,"name":"","segments":[{"caption_info":null,"cartoon":false,"clip":{"alpha":1.0,"flip":{"horizontal":false,"vertical":false},"rotation":0.0,"scale":{"x":1.0,"y":1.0},"transform":{"x":0.0,"y":0.0}},"color_correct_alg_result":"","common_keyframes":[],"desc":"","digital_human_template_group_id":"","enable_adjust":false,"enable_adjust_mask":false,"enable_color_correct_adjust":false,"enable_color_curves":true,"enable_color_match_adjust":false,"enable_color_wheels":true,"enable_hsl":false,"enable_hsl_curves":true,"enable_lut":false,"enable_smart_color_adjust":false,"enable_video_mask":true,"extra_material_refs":["F7C858DB-4EF2-4023-B965-6C79C56E0E53"],"group_id":"","hdr_settings":null,"id":"BD1A4A7B-9D40-4f2c-8BCD-258909E612AA","intensifies_audio":false,"is_loop":false,"is_placeholder":false,"is_tone_modify":false,"keyframe_refs":[],"last_nonzero_volume":1.0,"lyric_keyframes":null,"material_id":"2D075076-2B69-4e95-B286-A5A2044C902C","raw_segment_id":"","render_index":14000,"render_timerange":{"duration":0,"start":0},"responsive_layout":{"enable":false,"horizontal_pos_layout":0,"size_layout":0,"target_follow":"","vertical_pos_layout":0},"reverse":false,"source":"segmentsourcenormal","source_timerange":null,"speed":1.0,"state":0,"target_timerange":{"duration":7166666,"start":0},"template_id":"","template_scene":"default","track_attribute":0,"track_render_index":1,"uniform_scale":{"on":true,"value":1.0},"visible":true,"volume":1.0}],"type":"text"},{"attribute":0,"flag":2,"id":"6ACA68B0-2624-4ac7-90A3-C806DD6B48E0","is_default_name":true,"name":"","segments":[{"caption_info":null,"cartoon":false,"clip":{"alpha":1.0,"flip":{"horizontal":false,"vertical":false},"rotation":0.0,"scale":{"x":1.0,"y":1.0},"transform":{"x":0.0,"y":0.0}},"color_correct_alg_result":"","common_keyframes":[],"desc":"","digital_human_template_group_id":"","enable_adjust":true,"enable_adjust_mask":false,"enable_color_correct_adjust":false,"enable_color_curves":true,"enable_color_match_adjust":false,"enable_color_wheels":true,"enable_hsl":false,"enable_hsl_curves":true,"enable_lut":true,"enable_smart_color_adjust":false,"enable_video_mask":true,"extra_material_refs":["63F96FC1-2029-496e-97B0-65254763D500","3D672836-940E-422b-A705-C32A4A513075","CA326BCA-82ED-4d51-881A-930ED3C2AB95","33D2240B-735B-4b70-A98D-AC072027901A","125ED595-5E54-4481-BF60-F98FE14F9CDE","4F38B2EE-974C-4535-BBFB-A0B36327FBA6","8976A7BB-B975-4f41-B134-CE7979AE98BD"],"group_id":"","hdr_settings":{"intensity":1.0,"mode":1,"nits":1000},"id":"CA3C1EFD-E1E2-4b04-A486-6D0ACE32963F","intensifies_audio":false,"is_loop":false,"is_placeholder":false,"is_tone_modify":false,"keyframe_refs":[],"last_nonzero_volume":1.0,"lyric_keyframes":null,"material_id":"4C3246C3-7C20-4a61-B517-F34FF4FF3669","raw_segment_id":"","render_index":1,"render_timerange":{"duration":0,"start":0},"responsive_layout":{"enable":false,"horizontal_pos_layout":0,"size_layout":0,"target_follow":"","vertical_pos_layout":0},"reverse":false,"source":"segmentsourcenormal","source_timerange":{"duration":7166666,"start":0},"speed":1.0,"state":0,"target_timerange":{"duration":7166666,"start":0},"template_id":"","template_scene":"default","track_attribute":0,"track_render_index":2,"uniform_scale":{"on":true,"value":1.0},"visible":true,"volume":1.0}],"type":"video"}],"uneven_animation_template_info":{"composition":"","content":"","order":"","sub_template_info_list":[]},"update_time":0,"version":360000}