{"cloud_draft_cover":true,"cloud_draft_sync":true,"cloud_package_completed_time":"","draft_cloud_capcut_purchase_info":"","draft_cloud_last_action_download":false,"draft_cloud_package_type":"","draft_cloud_purchase_info":"","draft_cloud_template_id":"","draft_cloud_tutorial_info":"","draft_cloud_videocut_purchase_info":"","draft_cover":"draft_cover.jpg","draft_deeplink_url":"","draft_enterprise_info":{"draft_enterprise_extra":"","draft_enterprise_id":"","draft_enterprise_name":"","enterprise_material":[]},"draft_fold_path":"C:/Users/User/Downloads/CapCut Drafts/.recycle_bin/0808","draft_id":"0EF9EB98-658A-4ab9-8B57-F29BF8F2B246","draft_is_ae_produce":false,"draft_is_ai_packaging_used":false,"draft_is_ai_shorts":false,"draft_is_ai_translate":false,"draft_is_article_video_draft":false,"draft_is_cloud_temp_draft":false,"draft_is_from_deeplink":"false","draft_is_invisible":false,"draft_is_web_article_video":false,"draft_materials":[{"type":0,"value":[{"ai_group_type":"","create_time":1754592658,"duration":9409000,"extra_info":"Man walking on road side view   Video for kinemaster video editing.mp4","file_Path":"C:/Users/User/Downloads/Man walking on road side view   Video for kinemaster video editing.mp4","height":360,"id":"969820bf-ec2d-413a-89ae-6b6d8b6252d3","import_time":1754592673,"import_time_ms":1754592672851146,"item_source":1,"md5":"","metetype":"video","roughcut_time_range":{"duration":9409000,"start":0},"sub_time_range":{"duration":-1,"start":-1},"type":0,"width":640}]},{"type":1,"value":[]},{"type":2,"value":[]},{"type":3,"value":[]},{"type":6,"value":[]},{"type":7,"value":[]},{"type":8,"value":[]}],"draft_materials_copied_info":[],"draft_name":"0808","draft_need_rename_folder":false,"draft_new_version":"","draft_removable_storage_device":"","draft_root_path":"C:/Users/User/AppData/Local/CapCut/User Data/Projects/com.lveditor.draft","draft_segment_extra_info":[{"extra_mask_aspect_ratio_locked":false,"extra_segmend_id":"64F6511C-8F48-4876-99CF-47C530E872FF"}],"draft_timeline_materials_size_":332845,"draft_type":"","draft_web_article_video_enter_from":"","tm_draft_cloud_completed":"","tm_draft_cloud_entry_id":-1,"tm_draft_cloud_modified":0,"tm_draft_cloud_parent_entry_id":-1,"tm_draft_cloud_space_id":-1,"tm_draft_cloud_user_id":-1,"tm_draft_create":1754592665649454,"tm_draft_modified":1755177960847079,"tm_draft_removed":1755177968945,"tm_duration":9433333}