{"canvas_config":{"background":null,"height":1080,"ratio":"original","width":1920},"color_space":-1,"config":{"adjust_max_index":1,"attachment_info":[],"combination_max_index":1,"export_range":null,"extract_audio_last_index":1,"lyrics_recognition_id":"","lyrics_sync":true,"lyrics_taskinfo":[],"maintrack_adsorb":true,"material_save_mode":0,"multi_language_current":"none","multi_language_list":[],"multi_language_main":"none","multi_language_mode":"none","original_sound_last_index":1,"record_audio_last_index":1,"sticker_max_index":1,"subtitle_keywords_config":null,"subtitle_recognition_id":"","subtitle_sync":true,"subtitle_taskinfo":[],"system_font_list":[],"use_float_render":false,"video_mute":false,"zoom_info_params":null},"cover":null,"create_time":0,"draft_type":"video","duration":9433333,"extra_info":null,"fps":30.0,"free_render_index_mode_on":false,"group_container":null,"id":"00E696F5-9D22-4e43-994F-C21F2E4B60C8","is_drop_frame_timecode":false,"keyframe_graph_list":[],"keyframes":{"adjusts":[],"audios":[],"effects":[],"filters":[],"handwrites":[],"stickers":[],"texts":[],"videos":[]},"last_modified_platform":{"app_id":359289,"app_source":"cc","app_version":"6.8.1","device_id":"fddcccd970ed25cadbeee62b67513643","hard_disk_id":"aebaf36a5779cd306d7a50528d371cc6","mac_address":"f3422345e943d1ac3ce7455d30c37d47","os":"windows","os_version":"10.0.26100"},"lyrics_effects":[],"materials":{"ai_translates":[],"audio_balances":[],"audio_effects":[],"audio_fades":[],"audio_track_indexes":[],"audios":[],"beats":[],"canvases":[{"album_image":"","blur":0.0,"color":"","id":"73ECA36D-AD94-4d7e-9836-A37D8FA8D60E","image":"","image_id":"","image_name":"","source_platform":0,"team_id":"","type":"canvas_color"},{"album_image":"","blur":0.0,"color":"","id":"16016FEE-B119-46d6-91FC-755235B969E8","image":"","image_id":"","image_name":"","source_platform":0,"team_id":"","type":"canvas_color"}],"chromas":[],"color_curves":[],"common_mask":[{"category":"video","category_id":"","category_name":"","config":{"aspectRatio":1.0,"centerX":0.5944798301486198,"centerY":0.0,"expansion":0.0,"feather":0.19,"height":0.0,"invert":false,"rotation":90.0,"roundCorner":0.0,"width":0.28},"constant_material_id":"4C2AA3C6-9ECE-49b2-B458-6315EF5234C7","contour_path":null,"id":"1B8D64CB-DE95-42c1-8558-ABB2E7A8F368","is_old_version":false,"loader_work_space":"","name":"Split","panel":"","path":"C:/Users/User/AppData/Local/CapCut/User Data/Cache/effect/1068046536/4c6a0ef5de6a844342d40330e00c59eb","platform":"all","position_info":"","resource_id":"7374020197990011409","resource_type":"line","source_platform":0,"text_config":{"align_type":15,"bold_width":0.0,"char_spacing":0.0,"content":"","font_name":"","font_path":"","font_resource_id":"","font_size":15.0,"has_underline":false,"italic_degree":0,"line_gap":0.0,"scale":1.0},"track_segment":"","type":"mask"}],"digital_human_model_dressing":[],"digital_humans":[],"drafts":[],"effects":[],"flowers":[],"green_screens":[],"handwrites":[],"hsl":[],"hsl_curves":[],"images":[],"log_color_wheels":[],"loudnesses":[],"manual_beautys":[],"manual_deformations":[],"material_animations":[{"animations":[],"id":"6297F6EA-32D0-4b58-83C2-6D4876421C1C","multi_language_current":"none","type":"sticker_animation"}],"material_colors":[],"multi_language_refs":[],"placeholder_infos":[{"error_path":"","error_text":"","id":"884C3669-825A-4d7b-8BAF-EE438C93DB8E","meta_type":"none","res_path":"","res_text":"","type":"placeholder_info"},{"error_path":"","error_text":"","id":"42FC5CFA-7ACE-4d7b-A3AA-265ECFF8BAC0","meta_type":"none","res_path":"","res_text":"","type":"placeholder_info"}],"placeholders":[],"plugin_effects":[],"primary_color_wheels":[],"realtime_denoises":[],"shapes":[],"smart_crops":[],"smart_relights":[],"sound_channel_mappings":[{"audio_channel_mapping":0,"id":"996A6D51-9C7A-4e61-AC48-1A618E65BD74","is_config_open":false,"type":""},{"audio_channel_mapping":0,"id":"E98C3316-8A57-4b2b-BEA0-125C792E0432","is_config_open":false,"type":""}],"speeds":[{"curve_speed":null,"id":"719500C4-CE64-4838-96FF-FD35191BF77C","mode":0,"speed":1.0,"type":"speed"},{"curve_speed":null,"id":"FD1AF7C6-97DC-4a5c-8F9F-6B9CDAA91AED","mode":0,"speed":1.0,"type":"speed"}],"stickers":[],"tail_leaders":[],"text_templates":[],"texts":[{"add_type":0,"alignment":1,"background_alpha":1.0,"background_color":"","background_fill":"","background_height":0.14,"background_horizontal_offset":0.0,"background_round_radius":0.0,"background_style":0,"background_vertical_offset":0.0,"background_width":0.14,"base_content":"","bold_width":0.0,"border_alpha":1.0,"border_color":"","border_width":0.08,"caption_template_info":{"category_id":"","category_name":"","effect_id":"","is_new":false,"path":"","request_id":"","resource_id":"","resource_name":"","source_platform":0,"third_resource_id":""},"check_flag":7,"combo_info":{"text_templates":[]},"content":"{\"text\":\"VACATION\",\"styles\":[{\"fill\":{\"content\":{\"render_type\":\"solid\",\"solid\":{\"color\":[1,1,1]}}},\"font\":{\"path\":\"C:/Users/User/AppData/Local/CapCut/User Data/Cache/effect/6807743423336944142/662735226e12fedccc13d7c489aa1977/Anton-Regular.ttf\",\"id\":\"6807743423336944142\"},\"size\":15,\"range\":[0,8]}]}","current_words":{"end_time":[],"start_time":[],"text":[]},"cutoff_postfix":"","fixed_height":-1.0,"fixed_width":-1.0,"font_category_id":"","font_category_name":"","font_id":"","font_name":"","font_path":"C:/Users/User/AppData/Local/CapCut/User Data/Cache/effect/6807743423336944142/662735226e12fedccc13d7c489aa1977/Anton-Regular.ttf","font_resource_id":"6807743423336944142","font_size":15.0,"font_source_platform":1,"font_team_id":"","font_third_resource_id":"","font_title":"none","font_url":"","fonts":[{"category_id":"preset","category_name":"Presets","effect_id":"6807743423336944142","file_uri":"","id":"040260A9-6EE4-47b3-9729-BB9F7F0566D8","path":"C:/Users/User/AppData/Local/CapCut/User Data/Cache/effect/6807743423336944142/662735226e12fedccc13d7c489aa1977/Anton-Regular.ttf","request_id":"202508131037088AEC48875650D685F715","resource_id":"6807743423336944142","source_platform":1,"team_id":"","third_resource_id":"","title":"Anton"}],"force_apply_line_max_width":false,"global_alpha":1.0,"group_id":"","has_shadow":false,"id":"35E8FC43-6199-4507-B1E9-292F01034D85","initial_scale":1.0,"inner_padding":-1.0,"is_lyric_effect":false,"is_rich_text":false,"is_words_linear":false,"italic_degree":0,"ktv_color":"","language":"","layer_weight":1,"letter_spacing":0.0,"line_feed":1,"line_max_width":0.82,"line_spacing":0.02,"lyric_group_id":"","lyrics_template":{"category_id":"","category_name":"","effect_id":"","panel":"","path":"","request_id":"","resource_id":"","resource_name":""},"multi_language_current":"none","name":"","oneline_cutoff":false,"operation_type":0,"original_size":[],"preset_category":"","preset_category_id":"","preset_has_set_alignment":false,"preset_id":"","preset_index":0,"preset_name":"","recognize_task_id":"","recognize_text":"","recognize_type":0,"relevance_segment":[],"shadow_alpha":0.9,"shadow_angle":-45.0,"shadow_color":"","shadow_distance":5.0,"shadow_point":{"x":0.6363961030678928,"y":-0.6363961030678928},"shadow_smoothing":0.45,"shape_clip_x":false,"shape_clip_y":false,"source_from":"","ssml_content":"","style_name":"","sub_template_id":-1,"sub_type":0,"subtitle_keywords":null,"subtitle_keywords_config":null,"subtitle_template_original_fontsize":0.0,"text_alpha":1.0,"text_color":"#FFFFFF","text_curve":null,"text_preset_resource_id":"","text_size":30,"text_to_audio_ids":[],"translate_original_text":"","tts_auto_update":false,"type":"text","typesetting":0,"underline":false,"underline_offset":0.22,"underline_width":0.05,"use_effect_default_color":true,"words":{"end_time":[],"start_time":[],"text":[]}}],"time_marks":[],"transitions":[],"video_effects":[],"video_trackings":[],"videos":[{"aigc_history_id":"","aigc_item_id":"","aigc_type":"none","audio_fade":null,"beauty_body_preset_id":"","beauty_face_auto_preset":{"name":"","preset_id":"","rate_map":"","scene":""},"beauty_face_auto_preset_infos":[],"beauty_face_preset_infos":[],"cartoon_path":"","category_id":"","category_name":"local","check_flag":62978047,"content_feature_info":null,"crop":{"lower_left_x":0.0,"lower_left_y":1.0,"lower_right_x":1.0,"lower_right_y":1.0,"upper_left_x":0.0,"upper_left_y":0.0,"upper_right_x":1.0,"upper_right_y":0.0},"crop_ratio":"free","crop_scale":1.0,"duration":9433333,"extra_type_option":0,"formula_id":"","freeze":null,"has_audio":true,"has_sound_separated":false,"height":360,"id":"438569E9-6322-42af-B811-FABB0B2B79A9","intensifies_audio_path":"","intensifies_path":"","is_ai_generate_content":false,"is_copyright":false,"is_text_edit_overdub":false,"is_unified_beauty_mode":false,"live_photo_cover_path":"","live_photo_timestamp":-1,"local_id":"","local_material_from":"","local_material_id":"fe9bbcf1-ed35-4a40-8553-149e50e82a29","material_id":"","material_name":"Man walking on road side view   Video for kinemaster video editing.mp4","material_url":"","matting":{"custom_matting_id":"","enable_matting_stroke":false,"expansion":0,"feather":0,"flag":0,"has_use_quick_brush":false,"has_use_quick_eraser":false,"interactiveTime":[],"path":"","reverse":false,"strokes":[]},"media_path":"","multi_camera_info":null,"object_locked":null,"origin_material_id":"","path":"C:/Users/User/Downloads/Man walking on road side view   Video for kinemaster video editing.mp4","picture_from":"none","picture_set_category_id":"","picture_set_category_name":"","request_id":"","reverse_intensifies_path":"","reverse_path":"","smart_match_info":null,"smart_motion":null,"source":0,"source_platform":0,"stable":{"matrix_path":"","stable_level":0,"time_range":{"duration":0,"start":0}},"team_id":"","type":"video","video_algorithm":{"ai_background_configs":[],"ai_expression_driven":null,"ai_motion_driven":null,"aigc_generate":null,"algorithms":[],"complement_frame_config":null,"deflicker":null,"gameplay_configs":[],"image_interpretation":null,"motion_blur_config":null,"mouth_shape_driver":null,"noise_reduction":null,"path":"","quality_enhance":null,"smart_complement_frame":null,"story_video_modify_video_config":{"is_overwrite_last_video":false,"task_id":"","tracker_task_id":""},"super_resolution":null,"time_range":null},"width":640},{"aigc_history_id":"","aigc_item_id":"","aigc_type":"none","audio_fade":null,"beauty_body_preset_id":"","beauty_face_auto_preset":{"name":"","preset_id":"","rate_map":"","scene":""},"beauty_face_auto_preset_infos":[],"beauty_face_preset_infos":[],"cartoon_path":"","category_id":"","category_name":"local","check_flag":62978047,"content_feature_info":null,"crop":{"lower_left_x":0.0,"lower_left_y":1.0,"lower_right_x":1.0,"lower_right_y":1.0,"upper_left_x":0.0,"upper_left_y":0.0,"upper_right_x":1.0,"upper_right_y":0.0},"crop_ratio":"free","crop_scale":1.0,"duration":9433333,"extra_type_option":0,"formula_id":"","freeze":null,"has_audio":true,"has_sound_separated":false,"height":360,"id":"E7FE1C36-C42A-457b-9F3B-BBF2D0F7A97F","intensifies_audio_path":"","intensifies_path":"","is_ai_generate_content":false,"is_copyright":false,"is_text_edit_overdub":false,"is_unified_beauty_mode":false,"live_photo_cover_path":"","live_photo_timestamp":-1,"local_id":"","local_material_from":"","local_material_id":"fe9bbcf1-ed35-4a40-8553-149e50e82a29","material_id":"","material_name":"Man walking on road side view   Video for kinemaster video editing.mp4","material_url":"","matting":{"custom_matting_id":"","enable_matting_stroke":false,"expansion":0,"feather":0,"flag":0,"has_use_quick_brush":false,"has_use_quick_eraser":false,"interactiveTime":[],"path":"","reverse":false,"strokes":[]},"media_path":"","multi_camera_info":null,"object_locked":null,"origin_material_id":"","path":"C:/Users/User/Downloads/Man walking on road side view   Video for kinemaster video editing.mp4","picture_from":"none","picture_set_category_id":"","picture_set_category_name":"","request_id":"","reverse_intensifies_path":"","reverse_path":"","smart_match_info":null,"smart_motion":null,"source":0,"source_platform":0,"stable":{"matrix_path":"","stable_level":0,"time_range":{"duration":0,"start":0}},"team_id":"","type":"video","video_algorithm":{"ai_background_configs":[],"ai_expression_driven":null,"ai_motion_driven":null,"aigc_generate":null,"algorithms":[],"complement_frame_config":null,"deflicker":null,"gameplay_configs":[],"image_interpretation":null,"motion_blur_config":null,"mouth_shape_driver":null,"noise_reduction":null,"path":"","quality_enhance":null,"smart_complement_frame":null,"story_video_modify_video_config":{"is_overwrite_last_video":false,"task_id":"","tracker_task_id":""},"super_resolution":null,"time_range":null},"width":640}],"vocal_beautifys":[],"vocal_separations":[{"choice":0,"enter_from":"","final_algorithm":"","id":"52AB02F2-6112-4c2c-BBE5-1F5D10746935","production_path":"","removed_sounds":[],"time_range":null,"type":"vocal_separation"},{"choice":0,"enter_from":"","final_algorithm":"","id":"4D9BD62C-D33B-4100-92C1-BC9B74FEF6D9","production_path":"","removed_sounds":[],"time_range":null,"type":"vocal_separation"}]},"mutable_config":null,"name":"","new_version":"141.0.0","path":"","platform":{"app_id":359289,"app_source":"cc","app_version":"6.8.1","device_id":"fddcccd970ed25cadbeee62b67513643","hard_disk_id":"aebaf36a5779cd306d7a50528d371cc6","mac_address":"f3422345e943d1ac3ce7455d30c37d47","os":"windows","os_version":"10.0.26100"},"relationships":[],"render_index_track_mode_on":true,"retouch_cover":null,"source":"default","static_cover_image_path":"","time_marks":null,"tracks":[{"attribute":0,"flag":0,"id":"6CA3787C-8387-42c5-BFC6-0348B7B1B5F6","is_default_name":true,"name":"","segments":[{"caption_info":null,"cartoon":false,"clip":{"alpha":1.0,"flip":{"horizontal":false,"vertical":false},"rotation":0.0,"scale":{"x":1.0,"y":1.0},"transform":{"x":0.0,"y":0.0}},"color_correct_alg_result":"","common_keyframes":[],"desc":"","digital_human_template_group_id":"","enable_adjust":true,"enable_adjust_mask":false,"enable_color_correct_adjust":false,"enable_color_curves":true,"enable_color_match_adjust":false,"enable_color_wheels":true,"enable_hsl":false,"enable_hsl_curves":true,"enable_lut":true,"enable_smart_color_adjust":false,"enable_video_mask":true,"extra_material_refs":["719500C4-CE64-4838-96FF-FD35191BF77C","884C3669-825A-4d7b-8BAF-EE438C93DB8E","73ECA36D-AD94-4d7e-9836-A37D8FA8D60E","996A6D51-9C7A-4e61-AC48-1A618E65BD74","52AB02F2-6112-4c2c-BBE5-1F5D10746935"],"group_id":"","hdr_settings":{"intensity":1.0,"mode":1,"nits":1000},"id":"A762E834-0281-4aa2-9B0A-B92254C0435F","intensifies_audio":false,"is_loop":false,"is_placeholder":false,"is_tone_modify":false,"keyframe_refs":[],"last_nonzero_volume":1.0,"lyric_keyframes":null,"material_id":"438569E9-6322-42af-B811-FABB0B2B79A9","raw_segment_id":"","render_index":0,"render_timerange":{"duration":0,"start":0},"responsive_layout":{"enable":false,"horizontal_pos_layout":0,"size_layout":0,"target_follow":"","vertical_pos_layout":0},"reverse":false,"source":"segmentsourcenormal","source_timerange":{"duration":9433333,"start":0},"speed":1.0,"state":0,"target_timerange":{"duration":9433333,"start":0},"template_id":"","template_scene":"default","track_attribute":0,"track_render_index":0,"uniform_scale":{"on":true,"value":1.0},"visible":true,"volume":1.0}],"type":"video"},{"attribute":0,"flag":0,"id":"4BA132C8-872B-4e30-8C06-C6F9F2A7F57E","is_default_name":true,"name":"","segments":[{"caption_info":null,"cartoon":false,"clip":{"alpha":1.0,"flip":{"horizontal":false,"vertical":false},"rotation":0.0,"scale":{"x":2.776241452152428,"y":2.776241452152428},"transform":{"x":0.0,"y":-0.16603773584905657}},"color_correct_alg_result":"","common_keyframes":[],"desc":"","digital_human_template_group_id":"","enable_adjust":false,"enable_adjust_mask":false,"enable_color_correct_adjust":false,"enable_color_curves":true,"enable_color_match_adjust":false,"enable_color_wheels":true,"enable_hsl":false,"enable_hsl_curves":true,"enable_lut":false,"enable_smart_color_adjust":false,"enable_video_mask":true,"extra_material_refs":["6297F6EA-32D0-4b58-83C2-6D4876421C1C"],"group_id":"","hdr_settings":null,"id":"475CBD5B-AB2C-4938-B635-80FC314A8712","intensifies_audio":false,"is_loop":false,"is_placeholder":false,"is_tone_modify":false,"keyframe_refs":[],"last_nonzero_volume":1.0,"lyric_keyframes":null,"material_id":"35E8FC43-6199-4507-B1E9-292F01034D85","raw_segment_id":"","render_index":14000,"render_timerange":{"duration":0,"start":0},"responsive_layout":{"enable":false,"horizontal_pos_layout":0,"size_layout":0,"target_follow":"","vertical_pos_layout":0},"reverse":false,"source":"segmentsourcenormal","source_timerange":null,"speed":1.0,"state":0,"target_timerange":{"duration":9433333,"start":0},"template_id":"","template_scene":"default","track_attribute":0,"track_render_index":1,"uniform_scale":{"on":true,"value":1.0},"visible":true,"volume":1.0}],"type":"text"},{"attribute":0,"flag":2,"id":"022B9134-9093-4bd8-A907-3C8F651F98AF","is_default_name":true,"name":"","segments":[{"caption_info":null,"cartoon":false,"clip":{"alpha":1.0,"flip":{"horizontal":false,"vertical":false},"rotation":0.0,"scale":{"x":1.0,"y":1.0},"transform":{"x":0.0,"y":0.0}},"color_correct_alg_result":"","common_keyframes":[{"id":"719DBFD1-8FF8-4788-8CCF-E7438897143A","keyframe_list":[{"curveType":"Line","graphID":"","id":"FA72A6E3-1001-4c15-B7F3-2B362E1EA593","left_control":{"x":0.0,"y":0.0},"right_control":{"x":0.0,"y":0.0},"string_value":"","time_offset":3366666,"values":[-0.5817409766454352]},{"curveType":"Line","graphID":"","id":"0D3AF773-40C0-4e27-9613-42C1BE419C61","left_control":{"x":0.0,"y":0.0},"right_control":{"x":0.0,"y":0.0},"string_value":"","time_offset":3766666,"values":[-0.505307855626327]},{"curveType":"Line","graphID":"","id":"8846FA9C-BFFF-435c-869D-127C2AF1C36F","left_control":{"x":0.0,"y":0.0},"right_control":{"x":0.0,"y":0.0},"string_value":"","time_offset":3966666,"values":[-0.4713375796178344]},{"curveType":"Line","graphID":"","id":"3ADBA918-FD58-4a9e-8197-CBC163AB2AA1","left_control":{"x":0.0,"y":0.0},"right_control":{"x":0.0,"y":0.0},"string_value":"","time_offset":4466666,"values":[-0.39065817409766457]},{"curveType":"Line","graphID":"","id":"24A4CE03-4B6E-4b44-BAD0-56A3E1BB99D5","left_control":{"x":0.0,"y":0.0},"right_control":{"x":0.0,"y":0.0},"string_value":"","time_offset":5000000,"values":[-0.29299363057324845]},{"curveType":"Line","graphID":"","id":"E1A021E1-8082-4f65-92FB-F5549468687F","left_control":{"x":0.0,"y":0.0},"right_control":{"x":0.0,"y":0.0},"string_value":"","time_offset":5266666,"values":[-0.23354564755838647]},{"curveType":"Line","graphID":"","id":"C7E122CA-3F04-4d86-8547-7550EA1407D5","left_control":{"x":0.0,"y":0.0},"right_control":{"x":0.0,"y":0.0},"string_value":"","time_offset":5600000,"values":[-0.15286624203821664]},{"curveType":"Line","graphID":"","id":"16666E7C-8D7C-4829-98D6-D96DE2AD42D3","left_control":{"x":0.0,"y":0.0},"right_control":{"x":0.0,"y":0.0},"string_value":"","time_offset":5900000,"values":[-0.10615711252653937]},{"curveType":"Line","graphID":"","id":"65F5CB95-ED07-4e52-B936-ECD3284B4256","left_control":{"x":0.0,"y":0.0},"right_control":{"x":0.0,"y":0.0},"string_value":"","time_offset":6266666,"values":[-0.03397027600849266]},{"curveType":"Line","graphID":"","id":"3A9898A6-B456-4e6b-A06C-AA8E8A41EA32","left_control":{"x":0.0,"y":0.0},"right_control":{"x":0.0,"y":0.0},"string_value":"","time_offset":6566666,"values":[0.025477707006369338]},{"curveType":"Line","graphID":"","id":"8F426403-16B9-468b-AF5A-89CE02B4FB8D","left_control":{"x":0.0,"y":0.0},"right_control":{"x":0.0,"y":0.0},"string_value":"","time_offset":6900000,"values":[0.10191082802547761]},{"curveType":"Line","graphID":"","id":"AD472209-4923-4222-9682-075D35717A18","left_control":{"x":0.0,"y":0.0},"right_control":{"x":0.0,"y":0.0},"string_value":"","time_offset":7233333,"values":[0.17409766454352432]},{"curveType":"Line","graphID":"","id":"9AE8B53A-10D5-45de-9102-7E4A65F7D46E","left_control":{"x":0.0,"y":0.0},"right_control":{"x":0.0,"y":0.0},"string_value":"","time_offset":7500000,"values":[0.22505307855626316]},{"curveType":"Line","graphID":"","id":"17D019A4-C12B-41cc-A2C0-FA2C6B5D1C24","left_control":{"x":0.0,"y":0.0},"right_control":{"x":0.0,"y":0.0},"string_value":"","time_offset":7766666,"values":[0.305732484076433]},{"curveType":"Line","graphID":"","id":"D25F7FE1-628C-4683-9770-7E1EFFA55863","left_control":{"x":0.0,"y":0.0},"right_control":{"x":0.0,"y":0.0},"string_value":"","time_offset":8033333,"values":[0.35244161358811027]},{"curveType":"Line","graphID":"","id":"04AAA893-37B8-47b1-B3E3-BE7969E9A5F6","left_control":{"x":0.0,"y":0.0},"right_control":{"x":0.0,"y":0.0},"string_value":"","time_offset":8233333,"values":[0.39915074309978754]},{"curveType":"Line","graphID":"","id":"7977A43F-80E1-4f10-9DDD-BF0A6226C095","left_control":{"x":0.0,"y":0.0},"right_control":{"x":0.0,"y":0.0},"string_value":"","time_offset":8533333,"values":[0.4501061571125264]},{"curveType":"Line","graphID":"","id":"4A01C7ED-BF28-4f43-AD29-CE7D5026A04E","left_control":{"x":0.0,"y":0.0},"right_control":{"x":0.0,"y":0.0},"string_value":"","time_offset":8833333,"values":[0.5350318471337578]},{"curveType":"Line","graphID":"","id":"06ECD7BE-DEF5-4d72-BE1F-729C64956EA1","left_control":{"x":0.0,"y":0.0},"right_control":{"x":0.0,"y":0.0},"string_value":"","time_offset":9100000,"values":[0.5944798301486198]}],"material_id":"4C2AA3C6-9ECE-49b2-B458-6315EF5234C7","property_type":"KFTypeCommonMaskPositionX"},{"id":"4F351B38-7517-4629-8C0F-48111CB9B034","keyframe_list":[{"curveType":"Line","graphID":"","id":"8792440E-BF2F-4626-9DAB-3D52B63E9E5F","left_control":{"x":0.0,"y":0.0},"right_control":{"x":0.0,"y":0.0},"string_value":"","time_offset":3366666,"values":[-0.11320754716981132]},{"curveType":"Line","graphID":"","id":"D1CEF50E-AFAA-4d70-BF07-E1980A672A80","left_control":{"x":0.0,"y":0.0},"right_control":{"x":0.0,"y":0.0},"string_value":"","time_offset":3766666,"values":[-0.12075471698113208]},{"curveType":"Line","graphID":"","id":"D20FE45C-892E-4702-8A1D-D02FCF591E97","left_control":{"x":0.0,"y":0.0},"right_control":{"x":0.0,"y":0.0},"string_value":"","time_offset":3966666,"values":[-0.12075471698113208]},{"curveType":"Line","graphID":"","id":"C8313683-DBEA-46ea-A8ED-0F0C034F5DFC","left_control":{"x":0.0,"y":0.0},"right_control":{"x":0.0,"y":0.0},"string_value":"","time_offset":4466666,"values":[-0.11320754716981132]},{"curveType":"Line","graphID":"","id":"6786F05B-239B-4366-A88F-C6D7E132369B","left_control":{"x":0.0,"y":0.0},"right_control":{"x":0.0,"y":0.0},"string_value":"","time_offset":5000000,"values":[-0.11320754716981132]},{"curveType":"Line","graphID":"","id":"468EB290-1DB5-4d8d-8F3B-E38DD447161D","left_control":{"x":0.0,"y":0.0},"right_control":{"x":0.0,"y":0.0},"string_value":"","time_offset":5266666,"values":[-0.11320754716981132]},{"curveType":"Line","graphID":"","id":"F3BFD62A-B0D1-4e59-A29E-283EE722A483","left_control":{"x":0.0,"y":0.0},"right_control":{"x":0.0,"y":0.0},"string_value":"","time_offset":5600000,"values":[-0.11320754716981132]},{"curveType":"Line","graphID":"","id":"F4073B72-4CB9-4f7d-9000-2291BB0C7DD9","left_control":{"x":0.0,"y":0.0},"right_control":{"x":0.0,"y":0.0},"string_value":"","time_offset":5900000,"values":[-0.11320754716981132]},{"curveType":"Line","graphID":"","id":"5B43B05C-BC0B-4745-B437-94626DD0CDDD","left_control":{"x":0.0,"y":0.0},"right_control":{"x":0.0,"y":0.0},"string_value":"","time_offset":6266666,"values":[-0.11320754716981132]},{"curveType":"Line","graphID":"","id":"13E89446-5D4E-4262-A201-2C1B9A009B6A","left_control":{"x":0.0,"y":0.0},"right_control":{"x":0.0,"y":0.0},"string_value":"","time_offset":6566666,"values":[-0.09811320754716982]},{"curveType":"Line","graphID":"","id":"CE7365D1-166E-4a0f-BCF9-89F33B7A09F4","left_control":{"x":0.0,"y":0.0},"right_control":{"x":0.0,"y":0.0},"string_value":"","time_offset":6900000,"values":[-0.09056603773584906]},{"curveType":"Line","graphID":"","id":"5DE2E8F5-D43D-4d4e-B02E-8B4DCFF72933","left_control":{"x":0.0,"y":0.0},"right_control":{"x":0.0,"y":0.0},"string_value":"","time_offset":7233333,"values":[-0.0679245283018868]},{"curveType":"Line","graphID":"","id":"F3457391-7B8F-4388-A57D-1563F13B6C59","left_control":{"x":0.0,"y":0.0},"right_control":{"x":0.0,"y":0.0},"string_value":"","time_offset":7500000,"values":[-0.06037735849056605]},{"curveType":"Line","graphID":"","id":"9399A1C8-B451-4ce1-B1B1-52D1AADC478A","left_control":{"x":0.0,"y":0.0},"right_control":{"x":0.0,"y":0.0},"string_value":"","time_offset":7766666,"values":[-0.06037735849056605]},{"curveType":"Line","graphID":"","id":"822AA179-D100-4619-9711-8672F9272B76","left_control":{"x":0.0,"y":0.0},"right_control":{"x":0.0,"y":0.0},"string_value":"","time_offset":8033333,"values":[-0.06037735849056605]},{"curveType":"Line","graphID":"","id":"A329DA07-D912-4ed6-8C95-D6D40AB54AA5","left_control":{"x":0.0,"y":0.0},"right_control":{"x":0.0,"y":0.0},"string_value":"","time_offset":8233333,"values":[-0.06037735849056605]},{"curveType":"Line","graphID":"","id":"84C91276-DB41-4337-ADCC-0B96C4EBE5FB","left_control":{"x":0.0,"y":0.0},"right_control":{"x":0.0,"y":0.0},"string_value":"","time_offset":8533333,"values":[-0.06037735849056605]},{"curveType":"Line","graphID":"","id":"DE3D1851-AB52-454a-ADDF-B59311B33AE3","left_control":{"x":0.0,"y":0.0},"right_control":{"x":0.0,"y":0.0},"string_value":"","time_offset":8833333,"values":[0.0]},{"curveType":"Line","graphID":"","id":"7C4DDCA4-5EA0-44a3-9973-3CB3D822EAFF","left_control":{"x":0.0,"y":0.0},"right_control":{"x":0.0,"y":0.0},"string_value":"","time_offset":9100000,"values":[0.0]}],"material_id":"4C2AA3C6-9ECE-49b2-B458-6315EF5234C7","property_type":"KFTypeCommonMaskPositionY"},{"id":"B99AC8C8-C403-4bbc-A222-8D6A861DD67A","keyframe_list":[{"curveType":"Line","graphID":"","id":"4DC0E267-5B78-46dc-84BA-F4E57B3FA98C","left_control":{"x":0.0,"y":0.0},"right_control":{"x":0.0,"y":0.0},"string_value":"","time_offset":3366666,"values":[90.0]}],"material_id":"4C2AA3C6-9ECE-49b2-B458-6315EF5234C7","property_type":"KFTypeCommonMaskRotation"},{"id":"6AD90092-6FB4-4912-9C42-5C52F5C81C8F","keyframe_list":[{"curveType":"Line","graphID":"","id":"8DDFAFB9-2DC1-4206-84B3-EEAE9C83C1CA","left_control":{"x":0.0,"y":0.0},"right_control":{"x":0.0,"y":0.0},"string_value":"","time_offset":3366666,"values":[0.0]},{"curveType":"Line","graphID":"","id":"BF9BAB79-D01B-4712-AC3D-EFF1758105FC","left_control":{"x":0.0,"y":0.0},"right_control":{"x":0.0,"y":0.0},"string_value":"","time_offset":3766666,"values":[0.19]}],"material_id":"4C2AA3C6-9ECE-49b2-B458-6315EF5234C7","property_type":"KFTypeCommonMaskFeather"}],"desc":"","digital_human_template_group_id":"","enable_adjust":true,"enable_adjust_mask":false,"enable_color_correct_adjust":false,"enable_color_curves":true,"enable_color_match_adjust":false,"enable_color_wheels":true,"enable_hsl":false,"enable_hsl_curves":true,"enable_lut":true,"enable_smart_color_adjust":false,"enable_video_mask":true,"extra_material_refs":["FD1AF7C6-97DC-4a5c-8F9F-6B9CDAA91AED","42FC5CFA-7ACE-4d7b-A3AA-265ECFF8BAC0","1B8D64CB-DE95-42c1-8558-ABB2E7A8F368","16016FEE-B119-46d6-91FC-755235B969E8","E98C3316-8A57-4b2b-BEA0-125C792E0432","4D9BD62C-D33B-4100-92C1-BC9B74FEF6D9"],"group_id":"","hdr_settings":{"intensity":1.0,"mode":1,"nits":1000},"id":"EC2CC4F3-1855-40d4-8108-B4936982AF17","intensifies_audio":false,"is_loop":false,"is_placeholder":false,"is_tone_modify":false,"keyframe_refs":[],"last_nonzero_volume":1.0,"lyric_keyframes":null,"material_id":"E7FE1C36-C42A-457b-9F3B-BBF2D0F7A97F","raw_segment_id":"","render_index":1,"render_timerange":{"duration":0,"start":0},"responsive_layout":{"enable":false,"horizontal_pos_layout":0,"size_layout":0,"target_follow":"","vertical_pos_layout":0},"reverse":false,"source":"segmentsourcenormal","source_timerange":{"duration":9433333,"start":0},"speed":1.0,"state":0,"target_timerange":{"duration":9433333,"start":0},"template_id":"","template_scene":"default","track_attribute":0,"track_render_index":2,"uniform_scale":{"on":true,"value":1.0},"visible":true,"volume":1.0}],"type":"video"}],"uneven_animation_template_info":{"composition":"","content":"","order":"","sub_template_info_list":[]},"update_time":0,"version":360000}