{"cloud_draft_cover":true,"cloud_draft_sync":true,"cloud_package_completed_time":"","draft_cloud_capcut_purchase_info":"","draft_cloud_last_action_download":false,"draft_cloud_package_type":"","draft_cloud_purchase_info":"","draft_cloud_template_id":"","draft_cloud_tutorial_info":"","draft_cloud_videocut_purchase_info":"","draft_cover":"draft_cover.jpg","draft_deeplink_url":"","draft_enterprise_info":{"draft_enterprise_extra":"","draft_enterprise_id":"","draft_enterprise_name":"","enterprise_material":[]},"draft_fold_path":"C:/Users/User/Downloads/CapCut Drafts/0814","draft_id":"52A0C134-39B5-4e56-BDE6-FE30F519478E","draft_is_ae_produce":false,"draft_is_ai_packaging_used":false,"draft_is_ai_shorts":false,"draft_is_ai_translate":false,"draft_is_article_video_draft":false,"draft_is_cloud_temp_draft":false,"draft_is_from_deeplink":"false","draft_is_invisible":false,"draft_is_web_article_video":false,"draft_materials":[{"type":0,"value":[{"ai_group_type":"","create_time":1755192764,"duration":33333,"extra_info":"","file_Path":"","height":0,"id":"cd484075-d92a-4bc9-b45c-d093d2f9e71b","import_time":1755192764,"import_time_ms":1755192764712252,"item_source":1,"md5":"","metetype":"none","roughcut_time_range":{"duration":33333,"start":0},"sub_time_range":{"duration":-1,"start":-1},"type":0,"width":0},{"ai_group_type":"","create_time":1754592658,"duration":9409000,"extra_info":"Man walking on road side view   Video for kinemaster video editing.mp4","file_Path":"C:/Users/User/Downloads/Man walking on road side view   Video for kinemaster video editing.mp4","height":360,"id":"fe9bbcf1-ed35-4a40-8553-149e50e82a29","import_time":1755198260,"import_time_ms":1755198245873679,"item_source":1,"md5":"","metetype":"video","roughcut_time_range":{"duration":9409000,"start":0},"sub_time_range":{"duration":-1,"start":-1},"type":0,"width":640}]},{"type":1,"value":[]},{"type":2,"value":[]},{"type":3,"value":[]},{"type":6,"value":[]},{"type":7,"value":[]},{"type":8,"value":[]}],"draft_materials_copied_info":[],"draft_name":"0814","draft_need_rename_folder":false,"draft_new_version":"","draft_removable_storage_device":"","draft_root_path":"C:\\Users\\User\\Downloads\\CapCut Drafts","draft_segment_extra_info":[{"extra_mask_aspect_ratio_locked":false,"extra_segmend_id":"1B8D64CB-DE95-42c1-8558-ABB2E7A8F368"},{"extra_mask_aspect_ratio_locked":false,"extra_segmend_id":"51239C51-B83D-497a-B2D3-D3784783E8D1"}],"draft_timeline_materials_size_":353351,"draft_type":"","draft_web_article_video_enter_from":"","tm_draft_cloud_completed":"","tm_draft_cloud_entry_id":-1,"tm_draft_cloud_modified":0,"tm_draft_cloud_parent_entry_id":-1,"tm_draft_cloud_space_id":-1,"tm_draft_cloud_user_id":-1,"tm_draft_create":1755185113316337,"tm_draft_modified":1755198658109673,"tm_draft_removed":0,"tm_duration":9433333}