{"common_info":{"version":1},"tasks":[{"algo_type":0,"attachment_params":"{\n    \"benefit_info\": {\n        \"benefit_log_extra\": \"{\\\"has_trial\\\":true,\\\"has_credit\\\":false,\\\"has_oneoff\\\":false}\",\n        \"benefit_log_id\": \"7538477070247040309\"\n    }\n}\n","batch_task_id":"","benefit_info":{"benefit_log_extra":"","benefit_log_id":"","benefit_type":""},"can_queue":false,"clip_custom_task_type":"","clip_task_id":"","context":"","create_scene":0,"create_time":1755188469626,"detail_info":"","disable_persist":false,"draft_id":"00E696F5-9D22-4e43-994F-C21F2E4B60C8","duration":60644,"enter_from":"Independent","err_code":0,"err_msg":"","expect_cost_time":23157,"first_request_time":1755188492783,"in_queue_amount":0,"in_queue_time":0,"in_queue_time_ms":0,"local_task_id":"3D8DA18B-5A54-4683-BBD8-60070D266298","next_request_time":1755188553446,"optimize_ratio":0.0,"optimize_time":0,"output_type":0,"poll_scene":1,"pre_create_expect_cost_time":0,"prepare_resource_time":0,"progress_info":{"base_progress":0,"latest_sync_time":0,"remain_time":0},"req_key":"digital_human_render","request_extra":"","request_payload":"{\n    \"cap_json\": {\n        \"digital_human_id\": \"1d8f18fa-4095-11f0-ae55-bdffb5f7c69e\",\n        \"model\": \"twod\",\n        \"need_human_voice_separate\": false,\n        \"resource_id\": \"7517816806996856065\",\n        \"tts_duration\": 2500000,\n        \"tts_uri\": \"tos-alisg-v-643f9f/osLBAzoAe2BDLC0Dg3QPgfEuFuCtEAn9cYyhAI\"\n    },\n    \"cap_key\": \"capflow_digital_human_render\"\n}\n","result_payload":"{\"digital_human_video\":{\"video_url\":\"https://v16m-default.tiktokcdn.com/db69bc47a8e93ac3282a17b363d58e58/68c59a37/video/tos/alisg/tos-alisg-v-1b27c0-sg/oIgOQFDnBJB58IAureEIh0BxDAOgSsAmnof6bE/?a=1775\\u0026bti=aHJibHdwd2dieG8xeHNmZm9gdW9eK2ZiYWxgcWBeOg%3D%3D\\u0026ch=0\\u0026cr=0\\u0026dr=0\\u0026er=0\\u0026lr=default\\u0026cd=0%7C0%7C0%7C0\\u0026br=6682\\u0026bt=3341\\u0026cs=0\\u0026ds=3\\u0026ft=cApXJCz7ThWHEKd5EGZmo0P\\u0026mime_type=video_mp4\\u0026qs=13\\u0026rc=amdmbnA5cmUzNWYzODM3NEBpamdmbnA5cmUzNWYzODM3NEByYjMwMmRrbmNhLS1kNi1zYSNyYjMwMmRrbmNhLS1kNi1zcw%3D%3D\\u0026vvpl=1\\u0026l=2025081500211251E0615926933F5F3C56\\u0026btag=e00070000\",\"vid\":\"v10490g5000cd2f0qbnog65m3k6cedug\",\"video_meta\":{\"height\":1280,\"width\":720,\"duration\":2.52,\"size\":1077991,\"format\":\"mp4\",\"md5\":\"07ee8934069d4696f7e655c426fa30d6\",\"bitrate\":3422193}},\"is_separate\":false}","server_node_name":"digital_human_render","server_stage":"","server_task_id":"689e0cf80382160136f3e190_8_0","status":3,"sub_type":0,"submit_type":0,"task_version":"v3","token":"8a32d46a228dbb574c9aafde59829327","type":4}]}
