{"canvas_config":{"background":null,"height":1080,"ratio":"original","width":1920},"color_space":-1,"config":{"adjust_max_index":1,"attachment_info":[],"combination_max_index":1,"export_range":null,"extract_audio_last_index":1,"lyrics_recognition_id":"","lyrics_sync":true,"lyrics_taskinfo":[],"maintrack_adsorb":true,"material_save_mode":0,"multi_language_current":"none","multi_language_list":[],"multi_language_main":"none","multi_language_mode":"none","original_sound_last_index":1,"record_audio_last_index":1,"sticker_max_index":1,"subtitle_keywords_config":null,"subtitle_recognition_id":"","subtitle_sync":true,"subtitle_taskinfo":[],"system_font_list":[],"use_float_render":false,"video_mute":false,"zoom_info_params":null},"cover":null,"create_time":0,"draft_type":"video","duration":9200000,"extra_info":null,"fps":30.0,"free_render_index_mode_on":false,"group_container":null,"id":"4A023956-03A4-4087-9FCB-B64D654B29F6","is_drop_frame_timecode":false,"keyframe_graph_list":[],"keyframes":{"adjusts":[],"audios":[],"effects":[],"filters":[],"handwrites":[],"stickers":[],"texts":[],"videos":[]},"last_modified_platform":{"app_id":359289,"app_source":"cc","app_version":"6.8.1","device_id":"fddcccd970ed25cadbeee62b67513643","hard_disk_id":"aebaf36a5779cd306d7a50528d371cc6","mac_address":"f3422345e943d1ac3ce7455d30c37d47","os":"windows","os_version":"10.0.26100"},"lyrics_effects":[],"materials":{"ai_translates":[],"audio_balances":[],"audio_effects":[],"audio_fades":[],"audio_track_indexes":[],"audios":[],"beats":[],"canvases":[{"album_image":"","blur":0.0,"color":"","id":"E0FA97B9-5E2B-4c46-A065-BC5AB5D06C75","image":"","image_id":"","image_name":"","source_platform":0,"team_id":"","type":"canvas_color"},{"album_image":"","blur":0.0,"color":"","id":"75FEE33B-CF8B-43bc-88CD-DD032EC04BEF","image":"","image_id":"","image_name":"","source_platform":0,"team_id":"","type":"canvas_color"}],"chromas":[],"color_curves":[],"common_mask":[{"category":"video","category_id":"","category_name":"","config":{"aspectRatio":1.0,"centerX":-0.9302502375397055,"centerY":0.0,"expansion":0.0,"feather":0.0,"height":0.0,"invert":false,"rotation":-90.0,"roundCorner":0.0,"width":0.26},"constant_material_id":"A63CE710-2D12-4beb-8B93-0BA7C9D3E7F2","contour_path":null,"id":"70D3D325-7FDC-495e-983B-D6CFE65EC67F","is_old_version":false,"loader_work_space":"","name":"Split","panel":"","path":"C:/Users/User/AppData/Local/CapCut/User Data/Cache/effect/1068046536/4c6a0ef5de6a844342d40330e00c59eb","platform":"all","position_info":"","resource_id":"7374020197990011409","resource_type":"line","source_platform":0,"text_config":{"align_type":15,"bold_width":0.0,"char_spacing":0.0,"content":"","font_name":"","font_path":"","font_resource_id":"","font_size":15.0,"has_underline":false,"italic_degree":0,"line_gap":0.0,"scale":1.0},"track_segment":"","type":"mask"}],"digital_human_model_dressing":[],"digital_humans":[],"drafts":[],"effects":[],"flowers":[],"green_screens":[],"handwrites":[],"hsl":[],"hsl_curves":[],"images":[],"log_color_wheels":[],"loudnesses":[],"manual_beautys":[],"manual_deformations":[],"material_animations":[{"animations":[],"id":"B9B1BC32-AAF9-4b90-9617-9B5CFF2E23CD","multi_language_current":"none","type":"sticker_animation"}],"material_colors":[],"multi_language_refs":[],"placeholder_infos":[{"error_path":"","error_text":"","id":"4A3E2ED4-92B4-4fe0-B703-9B7C7BE79BD6","meta_type":"none","res_path":"","res_text":"","type":"placeholder_info"},{"error_path":"","error_text":"","id":"F1618FBB-DF35-460f-856E-28509A6125D5","meta_type":"none","res_path":"","res_text":"","type":"placeholder_info"}],"placeholders":[],"plugin_effects":[],"primary_color_wheels":[],"realtime_denoises":[],"shapes":[],"smart_crops":[],"smart_relights":[],"sound_channel_mappings":[{"audio_channel_mapping":0,"id":"CED7C022-98B1-4083-9C1F-A49F3CA5F22A","is_config_open":false,"type":""},{"audio_channel_mapping":0,"id":"EF50BFBC-742C-41d8-B337-0EFA96F912A8","is_config_open":false,"type":""}],"speeds":[{"curve_speed":null,"id":"577A31C3-3324-4167-A31F-48BC3892D47D","mode":0,"speed":1.0,"type":"speed"},{"curve_speed":null,"id":"325EC0A3-F411-49e9-8E38-E2E264BCEC1A","mode":0,"speed":1.0,"type":"speed"}],"stickers":[],"tail_leaders":[],"text_templates":[],"texts":[],"time_marks":[],"transitions":[],"video_effects":[],"video_trackings":[],"videos":[{"aigc_history_id":"","aigc_item_id":"","aigc_type":"none","audio_fade":null,"beauty_body_preset_id":"","beauty_face_auto_preset":{"name":"","preset_id":"","rate_map":"","scene":""},"beauty_face_auto_preset_infos":[],"beauty_face_preset_infos":[],"cartoon_path":"","category_id":"","category_name":"local","check_flag":62978047,"content_feature_info":null,"crop":{"lower_left_x":0.0,"lower_left_y":1.0,"lower_right_x":1.0,"lower_right_y":1.0,"upper_left_x":0.0,"upper_left_y":0.0,"upper_right_x":1.0,"upper_right_y":0.0},"crop_ratio":"free","crop_scale":1.0,"duration":9200000,"extra_type_option":0,"formula_id":"","freeze":null,"has_audio":false,"has_sound_separated":false,"height":1080,"id":"BF32715B-20F7-4cf3-9919-70936F400A2C","intensifies_audio_path":"","intensifies_path":"","is_ai_generate_content":false,"is_copyright":false,"is_text_edit_overdub":false,"is_unified_beauty_mode":false,"live_photo_cover_path":"","live_photo_timestamp":-1,"local_id":"","local_material_from":"","local_material_id":"b441b5a0-2f65-4701-bd40-a9a7a5f0ce3e","material_id":"","material_name":"5738753-hd_1920_1080_24fps.mp4","material_url":"","matting":{"custom_matting_id":"","enable_matting_stroke":false,"expansion":0,"feather":0,"flag":0,"has_use_quick_brush":false,"has_use_quick_eraser":false,"interactiveTime":[],"path":"","reverse":false,"strokes":[]},"media_path":"","multi_camera_info":null,"object_locked":null,"origin_material_id":"","path":"C:/Users/User/Downloads/5738753-hd_1920_1080_24fps.mp4","picture_from":"none","picture_set_category_id":"","picture_set_category_name":"","request_id":"","reverse_intensifies_path":"","reverse_path":"","smart_match_info":null,"smart_motion":null,"source":0,"source_platform":0,"stable":{"matrix_path":"","stable_level":0,"time_range":{"duration":0,"start":0}},"team_id":"","type":"video","video_algorithm":{"ai_background_configs":[],"ai_expression_driven":null,"ai_motion_driven":null,"aigc_generate":null,"algorithms":[],"complement_frame_config":null,"deflicker":null,"gameplay_configs":[],"image_interpretation":null,"motion_blur_config":null,"mouth_shape_driver":null,"noise_reduction":null,"path":"","quality_enhance":null,"smart_complement_frame":null,"story_video_modify_video_config":{"is_overwrite_last_video":false,"task_id":"","tracker_task_id":""},"super_resolution":null,"time_range":null},"width":1920},{"aigc_history_id":"","aigc_item_id":"","aigc_type":"none","audio_fade":null,"beauty_body_preset_id":"","beauty_face_auto_preset":{"name":"","preset_id":"","rate_map":"","scene":""},"beauty_face_auto_preset_infos":[],"beauty_face_preset_infos":[],"cartoon_path":"","category_id":"","category_name":"local","check_flag":62978047,"content_feature_info":null,"crop":{"lower_left_x":0.0,"lower_left_y":1.0,"lower_right_x":1.0,"lower_right_y":1.0,"upper_left_x":0.0,"upper_left_y":0.0,"upper_right_x":1.0,"upper_right_y":0.0},"crop_ratio":"free","crop_scale":1.0,"duration":19733333,"extra_type_option":0,"formula_id":"","freeze":null,"has_audio":false,"has_sound_separated":false,"height":2160,"id":"B5E1B5AB-4E42-40f5-8291-70D858CE66A6","intensifies_audio_path":"","intensifies_path":"","is_ai_generate_content":false,"is_copyright":false,"is_text_edit_overdub":false,"is_unified_beauty_mode":false,"live_photo_cover_path":"","live_photo_timestamp":-1,"local_id":"","local_material_from":"","local_material_id":"b29afbcf-4af6-4c40-bd76-4faff68b953d","material_id":"","material_name":"7706278-uhd_4096_2160_25fps.mp4","material_url":"","matting":{"custom_matting_id":"","enable_matting_stroke":false,"expansion":0,"feather":0,"flag":0,"has_use_quick_brush":false,"has_use_quick_eraser":false,"interactiveTime":[],"path":"","reverse":false,"strokes":[]},"media_path":"","multi_camera_info":null,"object_locked":null,"origin_material_id":"","path":"C:/Users/User/Downloads/7706278-uhd_4096_2160_25fps.mp4","picture_from":"none","picture_set_category_id":"","picture_set_category_name":"","request_id":"","reverse_intensifies_path":"","reverse_path":"","smart_match_info":null,"smart_motion":null,"source":0,"source_platform":0,"stable":{"matrix_path":"","stable_level":0,"time_range":{"duration":0,"start":0}},"team_id":"","type":"video","video_algorithm":{"ai_background_configs":[],"ai_expression_driven":null,"ai_motion_driven":null,"aigc_generate":null,"algorithms":[],"complement_frame_config":null,"deflicker":null,"gameplay_configs":[],"image_interpretation":null,"motion_blur_config":null,"mouth_shape_driver":null,"noise_reduction":null,"path":"","quality_enhance":null,"smart_complement_frame":null,"story_video_modify_video_config":{"is_overwrite_last_video":false,"task_id":"","tracker_task_id":""},"super_resolution":null,"time_range":{"duration":12200000,"start":0}},"width":4096}],"vocal_beautifys":[],"vocal_separations":[{"choice":0,"enter_from":"","final_algorithm":"","id":"C6E71B91-66B4-4bb1-8118-110FB1E6E4BD","production_path":"","removed_sounds":[],"time_range":null,"type":"vocal_separation"},{"choice":0,"enter_from":"","final_algorithm":"","id":"6D91AF94-15DD-42c2-9AE6-9E2C59D3050B","production_path":"","removed_sounds":[],"time_range":null,"type":"vocal_separation"}]},"mutable_config":null,"name":"","new_version":"141.0.0","path":"","platform":{"app_id":359289,"app_source":"cc","app_version":"6.8.1","device_id":"fddcccd970ed25cadbeee62b67513643","hard_disk_id":"aebaf36a5779cd306d7a50528d371cc6","mac_address":"f3422345e943d1ac3ce7455d30c37d47","os":"windows","os_version":"10.0.26100"},"relationships":[],"render_index_track_mode_on":true,"retouch_cover":null,"source":"default","static_cover_image_path":"","time_marks":null,"tracks":[{"attribute":0,"flag":0,"id":"F2D2B113-2637-438c-8CF4-E39283311256","is_default_name":true,"name":"","segments":[{"caption_info":null,"cartoon":false,"clip":{"alpha":1.0,"flip":{"horizontal":false,"vertical":false},"rotation":0.0,"scale":{"x":1.0,"y":1.0},"transform":{"x":0.0,"y":0.0}},"color_correct_alg_result":"","common_keyframes":[],"desc":"","digital_human_template_group_id":"","enable_adjust":true,"enable_adjust_mask":false,"enable_color_correct_adjust":false,"enable_color_curves":true,"enable_color_match_adjust":false,"enable_color_wheels":true,"enable_hsl":false,"enable_hsl_curves":true,"enable_lut":true,"enable_smart_color_adjust":false,"enable_video_mask":true,"extra_material_refs":["577A31C3-3324-4167-A31F-48BC3892D47D","4A3E2ED4-92B4-4fe0-B703-9B7C7BE79BD6","E0FA97B9-5E2B-4c46-A065-BC5AB5D06C75","CED7C022-98B1-4083-9C1F-A49F3CA5F22A","C6E71B91-66B4-4bb1-8118-110FB1E6E4BD"],"group_id":"","hdr_settings":{"intensity":1.0,"mode":1,"nits":1000},"id":"4AE0C088-4EA8-4010-B358-3EF3FC89442D","intensifies_audio":false,"is_loop":false,"is_placeholder":false,"is_tone_modify":false,"keyframe_refs":[],"last_nonzero_volume":1.0,"lyric_keyframes":null,"material_id":"BF32715B-20F7-4cf3-9919-70936F400A2C","raw_segment_id":"","render_index":0,"render_timerange":{"duration":0,"start":0},"responsive_layout":{"enable":false,"horizontal_pos_layout":0,"size_layout":0,"target_follow":"","vertical_pos_layout":0},"reverse":false,"source":"segmentsourcenormal","source_timerange":{"duration":9200000,"start":0},"speed":1.0,"state":0,"target_timerange":{"duration":9200000,"start":0},"template_id":"","template_scene":"default","track_attribute":0,"track_render_index":0,"uniform_scale":{"on":true,"value":1.0},"visible":true,"volume":1.0}],"type":"video"},{"attribute":0,"flag":2,"id":"66CD4B48-DF82-43c6-98CD-520897E1FBF1","is_default_name":true,"name":"","segments":[{"caption_info":null,"cartoon":false,"clip":{"alpha":1.0,"flip":{"horizontal":false,"vertical":false},"rotation":0.0,"scale":{"x":1.1639906103286366,"y":1.1639906103286366},"transform":{"x":0.05095541401273884,"y":-0.0}},"color_correct_alg_result":"","common_keyframes":[{"id":"FB5523FC-8FF0-4217-A19B-41F3EF6EA1F8","keyframe_list":[{"curveType":"Line","graphID":"","id":"88977256-6898-4fc5-ADF1-FE36A1A50CE0","left_control":{"x":0.0,"y":0.0},"right_control":{"x":0.0,"y":0.0},"string_value":"","time_offset":3100000,"values":[-0.9302502375397055]},{"curveType":"Line","graphID":"","id":"A9D3CA99-E4A2-4305-9515-6524F3EDC91C","left_control":{"x":0.0,"y":0.0},"right_control":{"x":0.0,"y":0.0},"string_value":"","time_offset":3200000,"values":[-0.8499933543009858]},{"curveType":"Line","graphID":"","id":"5AE35549-F224-4879-9FF5-2907EB26BB06","left_control":{"x":0.0,"y":0.0},"right_control":{"x":0.0,"y":0.0},"string_value":"","time_offset":3233333,"values":[-0.7989207922399824]},{"curveType":"Line","graphID":"","id":"98A353CE-6998-4986-834C-76595F5B1411","left_control":{"x":0.0,"y":0.0},"right_control":{"x":0.0,"y":0.0},"string_value":"","time_offset":3266666,"values":[-0.7296080294429063]},{"curveType":"Line","graphID":"","id":"7E4623F3-DEC7-48d8-8752-A198E22653AB","left_control":{"x":0.0,"y":0.0},"right_control":{"x":0.0,"y":0.0},"string_value":"","time_offset":3300000,"values":[-0.6967756681179755]},{"curveType":"Line","graphID":"","id":"2C13B029-7344-4f54-BCA2-CB1EA20B1625","left_control":{"x":0.0,"y":0.0},"right_control":{"x":0.0,"y":0.0},"string_value":"","time_offset":3400000,"values":[-0.6493511462041867]},{"curveType":"Line","graphID":"","id":"FCE9161D-374D-46e0-AC8F-334BBA6F6A69","left_control":{"x":0.0,"y":0.0},"right_control":{"x":0.0,"y":0.0},"string_value":"","time_offset":3433333,"values":[-0.5873344637015396]},{"curveType":"Line","graphID":"","id":"D9B62A06-D0FC-43b5-846D-A41E332A908C","left_control":{"x":0.0,"y":0.0},"right_control":{"x":0.0,"y":0.0},"string_value":"","time_offset":3500000,"values":[-0.5545021023766088]},{"curveType":"Line","graphID":"","id":"74C7B8A7-FB56-4fef-8365-3AB10B1985BA","left_control":{"x":0.0,"y":0.0},"right_control":{"x":0.0,"y":0.0},"string_value":"","time_offset":3533333,"values":[-0.528965821346107]},{"curveType":"Line","graphID":"","id":"DF90FF55-2BD9-4870-97B2-76FE13713321","left_control":{"x":0.0,"y":0.0},"right_control":{"x":0.0,"y":0.0},"string_value":"","time_offset":3600000,"values":[-0.43046873737131464]},{"curveType":"Line","graphID":"","id":"56F6C6EE-EB44-454d-8300-16CEADE54403","left_control":{"x":0.0,"y":0.0},"right_control":{"x":0.0,"y":0.0},"string_value":"","time_offset":3733333,"values":[-0.3283236132493077]},{"curveType":"Line","graphID":"","id":"406CF432-8576-4d49-8D06-E032B8CEA91E","left_control":{"x":0.0,"y":0.0},"right_control":{"x":0.0,"y":0.0},"string_value":"","time_offset":3800000,"values":[-0.26265889059944614]},{"curveType":"Line","graphID":"","id":"16145698-D100-484f-A9D3-1F6B093A1630","left_control":{"x":0.0,"y":0.0},"right_control":{"x":0.0,"y":0.0},"string_value":"","time_offset":3933333,"values":[-0.16780984677186833]},{"curveType":"Line","graphID":"","id":"BBD66D61-78A7-4cbb-9F05-B87D626D5C98","left_control":{"x":0.0,"y":0.0},"right_control":{"x":0.0,"y":0.0},"string_value":"","time_offset":4033333,"values":[-0.10579316426922133]},{"curveType":"Line","graphID":"","id":"49CB3CC5-74ED-48c7-B4F3-593B486BE352","left_control":{"x":0.0,"y":0.0},"right_control":{"x":0.0,"y":0.0},"string_value":"","time_offset":4133333,"values":[-0.014592160588857983]},{"curveType":"Line","graphID":"","id":"D47DEA58-844E-4b4d-8A8F-353B5E0B718E","left_control":{"x":0.0,"y":0.0},"right_control":{"x":0.0,"y":0.0},"string_value":"","time_offset":4200000,"values":[0.01459216058885824]},{"curveType":"Line","graphID":"","id":"EEC6DAC2-E010-4594-9576-C0482EAD7E5D","left_control":{"x":0.0,"y":0.0},"right_control":{"x":0.0,"y":0.0},"string_value":"","time_offset":4266666,"values":[0.0948490438275778]},{"curveType":"Line","graphID":"","id":"638DA3E3-7139-4fb8-A0F3-A8E78CC9B094","left_control":{"x":0.0,"y":0.0},"right_control":{"x":0.0,"y":0.0},"string_value":"","time_offset":4333333,"values":[0.1276814051525087]},{"curveType":"Line","graphID":"","id":"60383E6D-79DE-4c82-92E2-7FE3FB4CFB6E","left_control":{"x":0.0,"y":0.0},"right_control":{"x":0.0,"y":0.0},"string_value":"","time_offset":4400000,"values":[0.1751059270662976]},{"curveType":"Line","graphID":"","id":"4CB74159-4C5A-4a88-8CE5-E0A07EAF720B","left_control":{"x":0.0,"y":0.0},"right_control":{"x":0.0,"y":0.0},"string_value":"","time_offset":4466666,"values":[0.2298265292745156]},{"curveType":"Line","graphID":"","id":"23A1EF93-3C42-4316-A85B-6E300D137EAE","left_control":{"x":0.0,"y":0.0},"right_control":{"x":0.0,"y":0.0},"string_value":"","time_offset":4533333,"values":[0.2736030110410901]},{"curveType":"Line","graphID":"","id":"EC36C874-9ECC-49a8-AC07-BA5C5E9B1D77","left_control":{"x":0.0,"y":0.0},"right_control":{"x":0.0,"y":0.0},"string_value":"","time_offset":4633333,"values":[0.35750793442702433]},{"curveType":"Line","graphID":"","id":"F87DE38F-1EB8-41f4-B874-CD2F68224D60","left_control":{"x":0.0,"y":0.0},"right_control":{"x":0.0,"y":0.0},"string_value":"","time_offset":4733333,"values":[0.40128441619359856]},{"curveType":"Line","graphID":"","id":"32366879-71C6-4504-9F2E-BBBE5707FABC","left_control":{"x":0.0,"y":0.0},"right_control":{"x":0.0,"y":0.0},"string_value":"","time_offset":4800000,"values":[0.4669491388434601]},{"curveType":"Line","graphID":"","id":"3DE16E54-8995-41c4-8DA2-867927F7DCC3","left_control":{"x":0.0,"y":0.0},"right_control":{"x":0.0,"y":0.0},"string_value":"","time_offset":4933333,"values":[0.5472060220821799]},{"curveType":"Line","graphID":"","id":"DF344D67-481F-4bd7-B21D-AE97A9F944FF","left_control":{"x":0.0,"y":0.0},"right_control":{"x":0.0,"y":0.0},"string_value":"","time_offset":5033333,"values":[0.6566472264986157]},{"curveType":"Line","graphID":"","id":"D0B13107-81D4-4add-AA95-4E3D07340FF8","left_control":{"x":0.0,"y":0.0},"right_control":{"x":0.0,"y":0.0},"string_value":"","time_offset":5133333,"values":[0.7040717484124046]},{"curveType":"Line","graphID":"","id":"EFF4F09F-046A-4413-A1C4-70EDD0E194A7","left_control":{"x":0.0,"y":0.0},"right_control":{"x":0.0,"y":0.0},"string_value":"","time_offset":5200000,"values":[0.7551443104734081]},{"curveType":"Line","graphID":"","id":"BCC1EE01-866A-44df-A76C-44222F6373DC","left_control":{"x":0.0,"y":0.0},"right_control":{"x":0.0,"y":0.0},"string_value":"","time_offset":5266666,"values":[0.8208090331232697]}],"material_id":"A63CE710-2D12-4beb-8B93-0BA7C9D3E7F2","property_type":"KFTypeCommonMaskPositionX"},{"id":"FEB8009E-B9BD-4502-910C-D8D2BB72EB61","keyframe_list":[{"curveType":"Line","graphID":"","id":"0B0CF876-FFC7-4147-A67D-458DBB3EABF9","left_control":{"x":0.0,"y":0.0},"right_control":{"x":0.0,"y":0.0},"string_value":"","time_offset":3100000,"values":[0.0]},{"curveType":"Line","graphID":"","id":"CBA21B52-6CB3-4b0d-A4A8-7C2180D72CB9","left_control":{"x":0.0,"y":0.0},"right_control":{"x":0.0,"y":0.0},"string_value":"","time_offset":3200000,"values":[0.0]},{"curveType":"Line","graphID":"","id":"CD124286-73E4-4be7-A0B8-439130BD381D","left_control":{"x":0.0,"y":0.0},"right_control":{"x":0.0,"y":0.0},"string_value":"","time_offset":3233333,"values":[0.0]},{"curveType":"Line","graphID":"","id":"37846C24-9D6E-48ad-A56A-F3D1396C11FE","left_control":{"x":0.0,"y":0.0},"right_control":{"x":0.0,"y":0.0},"string_value":"","time_offset":3266666,"values":[0.0]},{"curveType":"Line","graphID":"","id":"2242529A-B871-4148-B716-0B79EB7C88E7","left_control":{"x":0.0,"y":0.0},"right_control":{"x":0.0,"y":0.0},"string_value":"","time_offset":3300000,"values":[0.0]},{"curveType":"Line","graphID":"","id":"3C3FB0B2-FBED-4a16-8E43-F08DE5171028","left_control":{"x":0.0,"y":0.0},"right_control":{"x":0.0,"y":0.0},"string_value":"","time_offset":3400000,"values":[0.0]},{"curveType":"Line","graphID":"","id":"9FA88F87-9803-41da-A76C-D1DE4E767598","left_control":{"x":0.0,"y":0.0},"right_control":{"x":0.0,"y":0.0},"string_value":"","time_offset":3433333,"values":[0.0]},{"curveType":"Line","graphID":"","id":"9E8FB3CB-24A7-46be-BD5C-2EB832F7AC88","left_control":{"x":0.0,"y":0.0},"right_control":{"x":0.0,"y":0.0},"string_value":"","time_offset":3500000,"values":[0.0]},{"curveType":"Line","graphID":"","id":"73DA99BB-BDFB-47d2-A1FC-94906636C609","left_control":{"x":0.0,"y":0.0},"right_control":{"x":0.0,"y":0.0},"string_value":"","time_offset":3533333,"values":[0.0]},{"curveType":"Line","graphID":"","id":"FFF2F5F6-8A11-49a9-975F-243A92C7B309","left_control":{"x":0.0,"y":0.0},"right_control":{"x":0.0,"y":0.0},"string_value":"","time_offset":3600000,"values":[0.0]},{"curveType":"Line","graphID":"","id":"2556BB0C-B4DB-4138-8E1D-AB43F5D480FB","left_control":{"x":0.0,"y":0.0},"right_control":{"x":0.0,"y":0.0},"string_value":"","time_offset":3733333,"values":[0.0]},{"curveType":"Line","graphID":"","id":"A81D3FBC-5134-43f3-852D-600F2A8AE481","left_control":{"x":0.0,"y":0.0},"right_control":{"x":0.0,"y":0.0},"string_value":"","time_offset":3800000,"values":[0.0]},{"curveType":"Line","graphID":"","id":"41BB905A-C8D0-4ec4-A8AD-0CFB1FFE0977","left_control":{"x":0.0,"y":0.0},"right_control":{"x":0.0,"y":0.0},"string_value":"","time_offset":3933333,"values":[0.0]},{"curveType":"Line","graphID":"","id":"67CE1269-F296-4bb6-B0AF-0CC751481162","left_control":{"x":0.0,"y":0.0},"right_control":{"x":0.0,"y":0.0},"string_value":"","time_offset":4033333,"values":[0.0]},{"curveType":"Line","graphID":"","id":"262B20BB-46B8-4f0f-8B8E-23FADE5C5A4F","left_control":{"x":0.0,"y":0.0},"right_control":{"x":0.0,"y":0.0},"string_value":"","time_offset":4133333,"values":[0.0]},{"curveType":"Line","graphID":"","id":"7B87CC5D-480E-4bdd-B4AC-425692F15262","left_control":{"x":0.0,"y":0.0},"right_control":{"x":0.0,"y":0.0},"string_value":"","time_offset":4200000,"values":[0.0]},{"curveType":"Line","graphID":"","id":"4EDC7281-5882-48a8-ADDA-B95FF21BE827","left_control":{"x":0.0,"y":0.0},"right_control":{"x":0.0,"y":0.0},"string_value":"","time_offset":4266666,"values":[0.0]},{"curveType":"Line","graphID":"","id":"EDD80554-B9D1-4033-BA3A-568EB4C61507","left_control":{"x":0.0,"y":0.0},"right_control":{"x":0.0,"y":0.0},"string_value":"","time_offset":4333333,"values":[0.0]},{"curveType":"Line","graphID":"","id":"9DB4642D-C096-4a01-BE03-6C510F23C096","left_control":{"x":0.0,"y":0.0},"right_control":{"x":0.0,"y":0.0},"string_value":"","time_offset":4400000,"values":[0.0]},{"curveType":"Line","graphID":"","id":"CCCF3DF4-C280-4b91-99F0-84EBD09ABCEE","left_control":{"x":0.0,"y":0.0},"right_control":{"x":0.0,"y":0.0},"string_value":"","time_offset":4466666,"values":[0.0]},{"curveType":"Line","graphID":"","id":"F51B2A58-918F-4c06-B856-F46F55706BBF","left_control":{"x":0.0,"y":0.0},"right_control":{"x":0.0,"y":0.0},"string_value":"","time_offset":4533333,"values":[0.0]},{"curveType":"Line","graphID":"","id":"15F15F4D-D7EC-47a3-ADD2-0CF552142D61","left_control":{"x":0.0,"y":0.0},"right_control":{"x":0.0,"y":0.0},"string_value":"","time_offset":4633333,"values":[0.0]},{"curveType":"Line","graphID":"","id":"DACB0BBE-0304-4613-8641-D84580DDABE5","left_control":{"x":0.0,"y":0.0},"right_control":{"x":0.0,"y":0.0},"string_value":"","time_offset":4733333,"values":[0.0]},{"curveType":"Line","graphID":"","id":"32BBB6A5-890D-4226-ACA9-85583C0D94D8","left_control":{"x":0.0,"y":0.0},"right_control":{"x":0.0,"y":0.0},"string_value":"","time_offset":4800000,"values":[0.0]},{"curveType":"Line","graphID":"","id":"535DE4D8-F0D7-4e9e-B041-5AEF9C1302C6","left_control":{"x":0.0,"y":0.0},"right_control":{"x":0.0,"y":0.0},"string_value":"","time_offset":4933333,"values":[0.0]},{"curveType":"Line","graphID":"","id":"DA3073D6-8EFA-42d0-BD91-65E49504ACEA","left_control":{"x":0.0,"y":0.0},"right_control":{"x":0.0,"y":0.0},"string_value":"","time_offset":5033333,"values":[0.0]},{"curveType":"Line","graphID":"","id":"13CB8778-B2DB-47cc-B1A3-D893DD4A10B8","left_control":{"x":0.0,"y":0.0},"right_control":{"x":0.0,"y":0.0},"string_value":"","time_offset":5133333,"values":[0.0]},{"curveType":"Line","graphID":"","id":"472D4F6D-4D8F-475b-80C4-D1D57C6D1E46","left_control":{"x":0.0,"y":0.0},"right_control":{"x":0.0,"y":0.0},"string_value":"","time_offset":5200000,"values":[0.0]},{"curveType":"Line","graphID":"","id":"FACD9ADA-EC50-475f-8461-A76A15C37FBA","left_control":{"x":0.0,"y":0.0},"right_control":{"x":0.0,"y":0.0},"string_value":"","time_offset":5266666,"values":[0.0]}],"material_id":"A63CE710-2D12-4beb-8B93-0BA7C9D3E7F2","property_type":"KFTypeCommonMaskPositionY"},{"id":"F40001A7-6BB0-4bf0-A00E-C94F853A5990","keyframe_list":[{"curveType":"Line","graphID":"","id":"1F36D955-C1E3-467e-9E9E-5AEFC8E5E854","left_control":{"x":0.0,"y":0.0},"right_control":{"x":0.0,"y":0.0},"string_value":"","time_offset":3100000,"values":[-90.0]}],"material_id":"A63CE710-2D12-4beb-8B93-0BA7C9D3E7F2","property_type":"KFTypeCommonMaskRotation"},{"id":"66917F7A-1284-4e46-B9E6-F0B58AC828F8","keyframe_list":[{"curveType":"Line","graphID":"","id":"C9BDD9FA-66D6-4c24-9E35-F4D4E0F5CF52","left_control":{"x":0.0,"y":0.0},"right_control":{"x":0.0,"y":0.0},"string_value":"","time_offset":3100000,"values":[0.0]}],"material_id":"A63CE710-2D12-4beb-8B93-0BA7C9D3E7F2","property_type":"KFTypeCommonMaskFeather"}],"desc":"","digital_human_template_group_id":"","enable_adjust":true,"enable_adjust_mask":false,"enable_color_correct_adjust":false,"enable_color_curves":true,"enable_color_match_adjust":false,"enable_color_wheels":true,"enable_hsl":false,"enable_hsl_curves":true,"enable_lut":true,"enable_smart_color_adjust":false,"enable_video_mask":true,"extra_material_refs":["325EC0A3-F411-49e9-8E38-E2E264BCEC1A","F1618FBB-DF35-460f-856E-28509A6125D5","70D3D325-7FDC-495e-983B-D6CFE65EC67F","75FEE33B-CF8B-43bc-88CD-DD032EC04BEF","B9B1BC32-AAF9-4b90-9617-9B5CFF2E23CD","EF50BFBC-742C-41d8-B337-0EFA96F912A8","6D91AF94-15DD-42c2-9AE6-9E2C59D3050B"],"group_id":"","hdr_settings":{"intensity":1.0,"mode":1,"nits":1000},"id":"F715D1DF-CFBD-433a-96CA-A7E658EF5469","intensifies_audio":false,"is_loop":false,"is_placeholder":false,"is_tone_modify":false,"keyframe_refs":[],"last_nonzero_volume":1.0,"lyric_keyframes":null,"material_id":"B5E1B5AB-4E42-40f5-8291-70D858CE66A6","raw_segment_id":"","render_index":1,"render_timerange":{"duration":0,"start":0},"responsive_layout":{"enable":false,"horizontal_pos_layout":0,"size_layout":0,"target_follow":"","vertical_pos_layout":0},"reverse":false,"source":"segmentsourcenormal","source_timerange":{"duration":9200000,"start":0},"speed":1.0,"state":0,"target_timerange":{"duration":9200000,"start":0},"template_id":"","template_scene":"default","track_attribute":0,"track_render_index":1,"uniform_scale":{"on":true,"value":1.0},"visible":true,"volume":1.0}],"type":"video"}],"uneven_animation_template_info":{"composition":"","content":"","order":"","sub_template_info_list":[]},"update_time":0,"version":360000}