{"draft_materials":[],"draft_virtual_store":[{"type":0,"value":[{"creation_time":0,"display_name":"","filter_type":0,"id":"","import_time":0,"import_time_us":0,"sort_sub_type":0,"sort_type":0}]},{"type":1,"value":[{"child_id":"cd484075-d92a-4bc9-b45c-d093d2f9e71b","parent_id":""},{"child_id":"ca7e3310-3722-4b1e-b3e2-37747250efac","parent_id":""},{"child_id":"a6d36c15-49b2-4f66-b85b-e3f03edd34c4","parent_id":""},{"child_id":"c822b6f4-8ed0-44dc-a976-30c844970438","parent_id":""},{"child_id":"b441b5a0-2f65-4701-bd40-a9a7a5f0ce3e","parent_id":""},{"child_id":"810793e5-501c-469a-8cc3-b6eb520341fb","parent_id":""},{"child_id":"7a061490-a7ff-47b0-88e0-21336f5a99ce","parent_id":""},{"child_id":"b29afbcf-4af6-4c40-bd76-4faff68b953d","parent_id":""}]},{"type":2,"value":[]}]}