{"cloud_draft_cover":true,"cloud_draft_sync":true,"cloud_package_completed_time":"","draft_cloud_capcut_purchase_info":"","draft_cloud_last_action_download":false,"draft_cloud_package_type":"","draft_cloud_purchase_info":"","draft_cloud_template_id":"","draft_cloud_tutorial_info":"","draft_cloud_videocut_purchase_info":"","draft_cover":"draft_cover.jpg","draft_deeplink_url":"","draft_enterprise_info":{"draft_enterprise_extra":"","draft_enterprise_id":"","draft_enterprise_name":"","enterprise_material":[]},"draft_fold_path":"C:/Users/User/Downloads/CapCut Drafts/0814","draft_id":"2C1B6A5B-5EC1-4c5c-A553-144B5E7BD4CC","draft_is_ae_produce":false,"draft_is_ai_packaging_used":false,"draft_is_ai_shorts":false,"draft_is_ai_translate":false,"draft_is_article_video_draft":false,"draft_is_cloud_temp_draft":false,"draft_is_from_deeplink":"false","draft_is_invisible":false,"draft_is_web_article_video":false,"draft_materials":[{"type":0,"value":[{"ai_group_type":"","create_time":1755178237,"duration":33333,"extra_info":"","file_Path":"","height":0,"id":"cd484075-d92a-4bc9-b45c-d093d2f9e71b","import_time":1755178237,"import_time_ms":1755178237048355,"item_source":1,"md5":"","metetype":"none","roughcut_time_range":{"duration":33333,"start":0},"sub_time_range":{"duration":-1,"start":-1},"type":0,"width":0},{"ai_group_type":"","create_time":1754617442,"duration":90440000,"extra_info":"Paris_ The last drone aerials.mp4","file_Path":"C:/Users/User/Downloads/Paris_ The last drone aerials.mp4","height":340,"id":"ca7e3310-3722-4b1e-b3e2-37747250efac","import_time":1755178251,"import_time_ms":1755178250193052,"item_source":1,"md5":"","metetype":"video","roughcut_time_range":{"duration":90440000,"start":0},"sub_time_range":{"duration":-1,"start":-1},"type":0,"width":640},{"ai_group_type":"","create_time":1755179901,"duration":15415000,"extra_info":"5667127-uhd_4096_2160_30fps.mp4","file_Path":"C:/Users/User/Downloads/5667127-uhd_4096_2160_30fps.mp4","height":2160,"id":"a6d36c15-49b2-4f66-b85b-e3f03edd34c4","import_time":1755181946,"import_time_ms":1755181944933151,"item_source":1,"md5":"","metetype":"video","roughcut_time_range":{"duration":15415000,"start":0},"sub_time_range":{"duration":-1,"start":-1},"type":0,"width":4096},{"ai_group_type":"","create_time":1755178773,"duration":5000000,"extra_info":"deny-king-_HY8GnUctV4-unsplash.jpg","file_Path":"C:/Users/User/Downloads/deny-king-_HY8GnUctV4-unsplash.jpg","height":2400,"id":"c822b6f4-8ed0-44dc-a976-30c844970438","import_time":1755182209,"import_time_ms":1755182206203458,"item_source":1,"md5":"","metetype":"photo","roughcut_time_range":{"duration":-1,"start":-1},"sub_time_range":{"duration":-1,"start":-1},"type":0,"width":3000},{"ai_group_type":"","create_time":1755182871,"duration":9175000,"extra_info":"5738753-hd_1920_1080_24fps.mp4","file_Path":"C:/Users/User/Downloads/5738753-hd_1920_1080_24fps.mp4","height":1080,"id":"b441b5a0-2f65-4701-bd40-a9a7a5f0ce3e","import_time":1755183018,"import_time_ms":1755183014411466,"item_source":1,"md5":"","metetype":"video","roughcut_time_range":{"duration":9175000,"start":0},"sub_time_range":{"duration":-1,"start":-1},"type":0,"width":1920},{"ai_group_type":"","create_time":1755183085,"duration":6256000,"extra_info":"5738757-hd_1920_1080_24fps.mp4","file_Path":"C:/Users/User/Downloads/5738757-hd_1920_1080_24fps.mp4","height":1080,"id":"810793e5-501c-469a-8cc3-b6eb520341fb","import_time":1755183191,"import_time_ms":1755183186618134,"item_source":1,"md5":"","metetype":"video","roughcut_time_range":{"duration":6256000,"start":0},"sub_time_range":{"duration":-1,"start":-1},"type":0,"width":1920},{"ai_group_type":"","create_time":1755183408,"duration":9520000,"extra_info":"7964912-uhd_3840_2160_25fps.mp4","file_Path":"C:/Users/User/Downloads/7964912-uhd_3840_2160_25fps.mp4","height":2160,"id":"7a061490-a7ff-47b0-88e0-21336f5a99ce","import_time":1755183428,"import_time_ms":1755183422693495,"item_source":1,"md5":"","metetype":"video","roughcut_time_range":{"duration":9520000,"start":0},"sub_time_range":{"duration":-1,"start":-1},"type":0,"width":3840},{"ai_group_type":"","create_time":1755184038,"duration":19720000,"extra_info":"7706278-uhd_4096_2160_25fps.mp4","file_Path":"C:/Users/User/Downloads/7706278-uhd_4096_2160_25fps.mp4","height":2160,"id":"b29afbcf-4af6-4c40-bd76-4faff68b953d","import_time":1755184093,"import_time_ms":1755184086242061,"item_source":1,"md5":"","metetype":"video","roughcut_time_range":{"duration":19720000,"start":0},"sub_time_range":{"duration":-1,"start":-1},"type":0,"width":4096}]},{"type":1,"value":[]},{"type":2,"value":[]},{"type":3,"value":[]},{"type":6,"value":[]},{"type":7,"value":[]}],"draft_materials_copied_info":[],"draft_name":"masking 1","draft_need_rename_folder":false,"draft_new_version":"","draft_removable_storage_device":"","draft_root_path":"C:\\Users\\User\\Downloads\\CapCut Drafts","draft_segment_extra_info":[{"extra_mask_aspect_ratio_locked":false,"extra_segmend_id":"29C386B0-90C8-46b2-A149-794CA2413139"},{"extra_mask_aspect_ratio_locked":false,"extra_segmend_id":"70D3D325-7FDC-495e-983B-D6CFE65EC67F"}],"draft_timeline_materials_size_":66418049,"draft_type":"","draft_web_article_video_enter_from":"","tm_draft_cloud_completed":"","tm_draft_cloud_entry_id":-1,"tm_draft_cloud_modified":0,"tm_draft_cloud_parent_entry_id":-1,"tm_draft_cloud_space_id":-1,"tm_draft_cloud_user_id":-1,"tm_draft_create":1755178237097100,"tm_draft_modified":1755184750310399,"tm_draft_removed":0,"tm_duration":9200000}