{"ai_packaging_infos":[],"ai_packaging_report_info":{"caption_id_list":[],"commercial_material":"","material_source":"","method":"","page_from":"","style":"","task_id":"","text_style":"","tos_id":"","video_category":""},"broll":{"ai_packaging_infos":[],"ai_packaging_report_info":{"caption_id_list":[],"commercial_material":"","material_source":"","method":"","page_from":"","style":"","task_id":"","text_style":"","tos_id":"","video_category":""}},"commercial_music_category_ids":[],"pc_feature_flag":0,"recognize_tasks":[],"template_item_infos":[],"unlock_template_ids":[]}