{"cloud_draft_cover":false,"cloud_draft_sync":false,"cloud_package_completed_time":"","draft_cloud_capcut_purchase_info":"","draft_cloud_last_action_download":false,"draft_cloud_package_type":"","draft_cloud_purchase_info":"","draft_cloud_template_id":"","draft_cloud_tutorial_info":"","draft_cloud_videocut_purchase_info":"","draft_cover":"C:/Users/User/AppData/Local/CapCut/User Data/Projects/com.lveditor.draft/0118 (1)\\draft_cover.jpg","draft_deeplink_url":"","draft_enterprise_info":{"draft_enterprise_extra":"","draft_enterprise_id":"","draft_enterprise_name":"","enterprise_material":[]},"draft_fold_path":"C:/Users/User/Downloads/CapCut Drafts/.recycle_bin/0118 (1)","draft_id":"502C8651-AF6E-4ee7-B473-5C84EBB36DFC","draft_is_ae_produce":false,"draft_is_ai_packaging_used":false,"draft_is_ai_shorts":false,"draft_is_ai_translate":false,"draft_is_article_video_draft":false,"draft_is_cloud_temp_draft":false,"draft_is_from_deeplink":"false","draft_is_invisible":false,"draft_materials":[],"draft_materials_copied_info":[],"draft_name":"0118 (1)","draft_need_rename_folder":false,"draft_new_version":"","draft_removable_storage_device":"","draft_root_path":"C:/Users/User/AppData/Local/CapCut/User Data/Projects/com.lveditor.draft","draft_segment_extra_info":[],"draft_timeline_materials_size_":8061,"draft_type":"","tm_draft_cloud_completed":"","tm_draft_cloud_entry_id":0,"tm_draft_cloud_modified":0,"tm_draft_cloud_parent_entry_id":0,"tm_draft_cloud_space_id":-1,"tm_draft_cloud_user_id":0,"tm_draft_create":1737205496928294,"tm_draft_modified":1737205499039744,"tm_draft_removed":1754616119826,"tm_duration":0}